,sub_corpus,filename,tokens,types,old_alphabet_counts,roman_numerals_counts,scribal_abbrev_counts
0,01_MEMT,agnus_castus_converted.xml,12144,1749,1990,14,0
1,01_MEMT,alchemical_waters_converted.xml,2178,566,48,21,0
2,01_MEMT,alchemical_waters_converted_normalized.xml,2014,575,45,17,0
3,01_MEMT,antidotarium_nicholai_converted.xml,24153,2881,2931,402,0
4,01_MEMT,arderne_clysters_converted.xml,12319,2099,2298,7,0
5,01_MEMT,arderne_fistula_converted.xml,14200,2507,2339,3,0
6,01_MEMT,astrological_compendium_converted.xml,1492,553,0,40,1
7,01_MEMT,a_tretys_of_diverse_herbis_converted.xml,7216,1813,111,25,657
8,01_MEMT,benvenutus_grassus_converted.xml,17325,3099,627,50,0
9,01_MEMT,bloodletting_converted.xml,594,281,71,0,0
10,01_MEMT,bok_of_ypocras_of_lyf_and_deyth_converted.xml,1806,451,264,4,0
11,01_MEMT,book_of_surgery_converted.xml,3774,1018,279,14,7
12,01_MEMT,canutus_plague_treatise_converted.xml,4666,1071,24,3,18
13,01_MEMT,caxton_ars_moriendi_converted.xml,3453,983,66,11,108
14,01_MEMT,caxton_gouernayle_of_helthe_converted.xml,7067,1560,0,9,106
15,01_MEMT,chauliac_anatomy_converted.xml,6581,1360,1465,3,0
16,01_MEMT,chauliac_anatomy_interpolated_converted.xml,11568,1612,2672,5,0
17,01_MEMT,chauliac_cyrurgie_converted.xml,14091,1971,2928,0,2
18,01_MEMT,chauliac_ulcers_converted.xml,12036,2305,2354,3,1
19,01_MEMT,chauliac_wounds_converted.xml,13817,2723,2723,3,0
20,01_MEMT,chirurgie_de_1392_converted.xml,12966,1772,2536,26,95
21,01_MEMT,cophon_experimentes_converted.xml,2571,553,573,4,0
22,01_MEMT,crophill_books_remedies_converted.xml,3739,1063,390,23,0
23,01_MEMT,crophill_rosemary_converted.xml,735,293,76,1,0
24,01_MEMT,daniel_liber_uricrisiarum_1_converted.xml,11837,1916,1474,1,0
25,01_MEMT,daniel_liber_uricrisiarum_2_converted.xml,5415,1243,416,0,0
26,01_MEMT,daniel_liber_uricrisiarum_recipes_converted.xml,3174,804,288,20,0
27,01_MEMT,daniel_rosemary_converted.xml,1826,606,228,1,0
28,01_MEMT,de_caritate_the_priuyte_of_priuyteis_converted.xml,14930,2544,1779,35,1
29,01_MEMT,de_condicionibus_planetarum_septem_converted.xml,307,140,2,0,0
30,01_MEMT,de_humana_natura_converted.xml,4013,1048,27,0,0
31,01_MEMT,de_spermate_converted.xml,8897,1204,43,24,0
32,01_MEMT,de_spermate_hominis_converted.xml,348,202,61,4,0
33,01_MEMT,de_xii_portis_converted.xml,3628,637,25,10,1
34,01_MEMT,diet_and_bloodletting_converted.xml,1670,383,175,39,0
35,01_MEMT,first_corpus_compendium_converted.xml,14115,3510,504,36,5
36,01_MEMT,galen_de_ingenio_sanitatis_converted.xml,2247,610,445,2,0
37,01_MEMT,gilbertus_anglicus_compendium_converted.xml,15354,2248,2153,65,1
38,01_MEMT,gilbertus_anglicus_compendium_epilepsy_converted.xml,2178,579,423,0,0
39,01_MEMT,gouernayle_of_helthe_converted.xml,2560,840,71,2,2
40,01_MEMT,john_of_burgundy_plague_treatise_1_converted.xml,1499,507,0,7,0
41,01_MEMT,john_of_burgundy_plague_treatise_2_converted.xml,1549,487,15,6,2
42,01_MEMT,john_of_burgundy_practica_phisicalia_converted.xml,7735,1474,721,46,18
43,01_MEMT,killeen_medical_texts_converted.xml,2273,620,304,10,1
44,01_MEMT,lanfranc_chirurgia_magna_1_converted.xml,13575,1925,2679,21,1
45,01_MEMT,lanfranc_chirurgia_magna_2_converted.xml,13524,2194,2903,9,0
46,01_MEMT,lanfranc_chirurgia_parva_converted.xml,10726,1966,860,12,11
47,01_MEMT,leechbook_1_converted.xml,7278,1538,310,27,315
48,01_MEMT,leechbook_2_converted.xml,6715,1440,1082,3,0
49,01_MEMT,liber_de_diversis_medicinis_converted.xml,15626,2195,1589,63,0
50,01_MEMT,liber_de_diversis_medicinis_epilepsy_converted.xml,281,142,39,0,0
51,01_MEMT,macer_de_viribus_herbarum_converted.xml,13201,1977,1974,150,0
52,01_MEMT,medical_charms_converted.xml,4302,1002,575,17,0
53,01_MEMT,medical_treatise_converted.xml,5862,1462,379,3,80
54,01_MEMT,medical_works_converted.xml,4961,1372,454,25,0
55,01_MEMT,mondeville_chirurgie_converted.xml,11744,1661,2153,11,53
56,01_MEMT,nature_of_wommen_converted.xml,1057,365,141,1,0
57,01_MEMT,off_the_xij_synys_converted.xml,525,212,55,0,0
58,01_MEMT,phlebotomy_converted.xml,4002,1103,540,0,0
59,01_MEMT,practical_verse_converted.xml,1883,818,81,4,0
60,01_MEMT,practica_urinarum_converted.xml,986,360,27,1,0
61,01_MEMT,queen_isabel_dietary_converted.xml,1078,362,66,0,0
62,01_MEMT,quinte_essence_converted.xml,10421,1727,1752,11,9
63,01_MEMT,recipes_1_converted.xml,2670,702,0,4,0
64,01_MEMT,recipes_2_converted.xml,4889,991,602,2,17
65,01_MEMT,recipes_3_converted.xml,2933,627,346,11,0
66,01_MEMT,regimen_sanitatis_converted.xml,2752,765,273,4,1
67,01_MEMT,reynes_directions_for_bloodletting_converted.xml,911,316,59,5,1
68,01_MEMT,rupescissa_quintessence_converted.xml,24296,3240,1841,94,27
69,01_MEMT,rupescissa_remedies_converted.xml,11178,1990,1018,41,6
70,01_MEMT,second_corpus_compendium_converted.xml,10571,1635,1191,9,0
71,01_MEMT,secreet_of_secreetes_converted.xml,6048,1235,0,17,4
72,01_MEMT,secrete_of_secretes_converted.xml,9782,2008,74,1,0
73,01_MEMT,sekenesse_of_wymmen_1_converted.xml,4804,1023,626,12,0
74,01_MEMT,sekenesse_of_wymmen_2_converted.xml,5734,1168,842,8,0
75,01_MEMT,sekenesse_of_wymmen_3_converted.xml,3244,852,183,19,0
76,01_MEMT,seven_herbs_seven_planets_converted.xml,4002,856,430,37,8
77,01_MEMT,sidrak_and_bokkus_converted.xml,12819,2242,1909,14,0
78,01_MEMT,stockholm_verse_recipes_converted.xml,3617,1054,52,5,439
79,01_MEMT,thesaurus_pauperum_converted.xml,3430,834,0,8,2
80,01_MEMT,torrella_tretece_of_the_pokkis_converted.xml,3038,969,0,30,10
81,01_MEMT,trevisa_on_the_properties_of_things_1_converted.xml,2420,626,586,1,1
82,01_MEMT,trevisa_on_the_properties_of_things_2_converted.xml,2132,572,479,0,0
83,01_MEMT,trilingual_herb_glossary_converted.xml,1477,625,15,2,1
84,01_MEMT,what_veins_to_bleed_in_converted.xml,449,213,5,1,2
85,01_MEMT,when_the_mone_is_in_aries_converted.xml,2002,504,9,0,0
86,01_MEMT,wyse_book_of_maystyr_peers_of_salerne_converted.xml,7215,1715,45,82,24
87,02_EMEMT,1537_Erasmus_DeclamatioInLavdemNobilissimaeArtisMedicinae.xml,9200,2118,1,1,250
88,02_EMEMT,1564_Bullein_DialogveAgainstFeuerPestilence.xml,11721,2714,6,19,96
89,02_EMEMT,1566_Securis_DetectionOfDailyEnormities.xml,12503,2607,9,6,156
90,02_EMEMT,1569_Agrippa_VanitieAndVncertaintie.xml,10968,2418,1,0,65
91,02_EMEMT,1578_ElizabethI_OrdersByHerMaiestie.xml,6258,1351,2,16,30
92,02_EMEMT,1580_Mexia_PleasauntDialogue.xml,14917,2321,3,1,123
93,02_EMEMT,1591_DuChesne_BreefeAvnswere.xml,11671,1958,2,0,33
94,02_EMEMT,1595_Johnson_Cornucopiae.xml,10408,2366,7,1,13
95,02_EMEMT,1604_Middleton_MeetingOfGallants.xml,7319,2012,0,0,6
96,02_EMEMT,1605_Bacon_AduancementOfLearning.xml,5272,1480,3,0,8
97,02_EMEMT,1616_Cotta_TriallOfWitchcraf.xml,11753,2203,3,2,3
98,02_EMEMT,1625_Spenser_VoxCivitatis.xml,13678,2596,4,0,8
99,02_EMEMT,1633_Fletcher_PurpleIsland.xml,12002,3115,47,3,1
100,02_EMEMT,1649_Chamberlaine_Prognostication.xml,672,324,1,0,0
101,02_EMEMT,1649_Dade_Prognostication.xml,3318,595,50,36,0
102,02_EMEMT,1649_Swallow_Almanack.xml,1012,445,4,0,0
103,02_EMEMT,1649_White_PrognosticationFor1649.xml,1766,592,1,0,0
104,02_EMEMT,1651_Biggs_MataeotechniaMedicinae.xml,11556,2806,26,1,0
105,02_EMEMT,1652_JB_FaireInSpittleFields.xml,1440,686,0,1,0
106,02_EMEMT,1653_Bacon_HistoryOfWinds.xml,1293,482,2,0,0
107,02_EMEMT,1655_Boyle_PhilaretvsToEmpyricus.xml,3732,1119,0,0,0
108,02_EMEMT,1655_Starkey_GeorgeRiplyesEpistle.xml,5583,1204,7,1,1
109,02_EMEMT,1655_VrimAndThummim.xml,3184,1028,9,0,3
110,02_EMEMT,1660_LEstrange_PhysicianCureThySelf.xml,2368,800,3,0,0
111,02_EMEMT,1670_Goddard_UnhappyConditionOfPhysick.xml,11160,1682,0,1,1
112,02_EMEMT,1672_Josselyn_NewEnglandsRarities.xml,12330,2691,5,1,0
113,02_EMEMT,1688_Pond_Almanack.xml,745,330,2,2,0
114,02_EMEMT,1689_Coley_MerlinusAnglicusJunior.xml,1192,509,4,0,1
115,02_EMEMT,1692_Saunders_ApolloAnglicanus.xml,1093,413,2,0,0
116,02_EMEMT,1694_Gadbury_Ephemeris.xml,3835,1088,4,20,0
117,02_EMEMT,1698_Emes_DialogueBetweenAlkaliAndAcid.xml,11729,2078,4,2,0
118,02_EMEMT,1700_LetterConcerningAcidAndAlkali.xml,11545,1995,29,9,0
119,02_EMEMT,1545_Langton_IntroductionIntoPhisycke.xml,11073,1934,0,29,184
120,02_EMEMT,1547_Langton_UeryBrefeTreatise.xml,12658,2053,4,41,192
121,02_EMEMT,1554_Prognosticacion.xml,4392,958,2,4,17
122,02_EMEMT,1574_Jones_GalensBookesOfElementes.xml,4440,873,0,0,4
123,02_EMEMT,1582_Batman_BatmanVpponBartholome.xml,11445,1865,2,6,57
124,02_EMEMT,1586_Galen_MethodusMedendi.xml,12282,1624,4,0,111
125,02_EMEMT,1609_Pomarius_EnchiridionMedicum.xml,11433,2177,26,2,29
126,02_EMEMT,1632_Bruele_PraxisMedicinae.xml,13264,2229,89,65,6
127,02_EMEMT,1640_Brugis_MarrowOfPhysicke.xml,11976,2080,3,3,1
128,02_EMEMT,1652_Culpeper_GalensArtOfPhysick.xml,11602,1931,19,0,0
129,02_EMEMT,1652_Fioravanti_DiscourseOfTheSecrets.xml,11840,1598,10,28,0
130,02_EMEMT,1671_Archer_EveryManHisOwnDoctor.xml,11497,1945,5,6,0
131,02_EMEMT,1679_Hall_SelectObservations.xml,12855,2026,45,203,38
132,02_EMEMT,1680_Couch_PraxisCatholica.xml,11134,2048,4,7,0
133,02_EMEMT,1694_Chamberlen_PracticeOfPhysick.xml,11471,2233,39,1,0
134,02_EMEMT,1695_Pechey_StorehouseOfPhysicalPractice.xml,11786,1923,10,11,2
135,02_EMEMT,1695_Sydenham_CompleatMethodOfCuring.xml,12060,1897,14,29,0
136,02_EMEMT,1697_Durant_ArtAndNature.xml,6934,1484,25,8,0
137,02_EMEMT,1700_Harvey_VanitiesOfPhilosophyAndPhysick.xml,12680,2833,6,5,1
138,02_EMEMT,1552_Caius_AgainstSweatyngSicknesse.xml,12505,2911,3,31,266
139,02_EMEMT,1566_Jones_DialForAllAgves.xml,11252,2460,1,8,214
140,02_EMEMT,1586_Bright_TreatiseOfMelancholy.xml,11585,2059,0,6,40
141,02_EMEMT,1596_Clowes_LvesVenerea.xml,12159,2228,63,12,5
142,02_EMEMT,1598_Wateson_CvresOfTheDiseased.xml,2997,895,1,0,6
143,02_EMEMT,1599_Laurentius_PreservationOfSigh.xml,10897,1972,0,2,5
144,02_EMEMT,1602_Clowes_CureOfStruma.xml,11717,2547,58,29,42
145,02_EMEMT,1616_Bailey_PreseruationOfEiesigh.xml,11604,2326,28,4,3
146,02_EMEMT,1621_Burton_AnatomyOfMelancholy.xml,11861,2819,23,0,5
147,02_EMEMT,1633_Holland_GuttaPodagrica.xml,11563,1606,3,1,1
148,02_EMEMT,1662_Sennert_SixthBookOfPracticalPhysick.xml,11501,1891,10,6,4
149,02_EMEMT,1665_Drage_Daimonomageia.xml,12773,2748,69,10,0
150,02_EMEMT,1666_Harvey_MorbusAnglicus.xml,12217,2813,24,8,2
151,02_EMEMT,1670_Harvey_LittleVenusUnmaskd.xml,11880,2383,17,7,0
152,02_EMEMT,1685_Lamport_Smallpo.xml,5920,1495,2,0,0
153,02_EMEMT,1697_Cockburn_ContinuationOfTheAccountOfDistempers.xml,11484,2064,19,17,0
154,02_EMEMT,1525_SeyngeOfUryns.xml,11009,1805,0,55,283
155,02_EMEMT,1539_Moulton_MyrrourOrGlasseOfHelth_Astrology.xml,4633,881,0,50,82
156,02_EMEMT,1547_Recorde_VrinalOfPhysick.xml,11750,1807,1,25,194
157,02_EMEMT,1556_Cocles_EpitomyeOfPhisiognomie.xml,12126,2262,0,18,64
158,02_EMEMT,1559_Gesner_TreasureOfEvonymvs.xml,12139,2346,54,34,216
159,02_EMEMT,1562_Turner_BookeOfBathes.xml,10321,1932,2,42,94
160,02_EMEMT,1596_Hester_KeyOfPhilosophie.xml,11086,1650,17,0,18
161,02_EMEMT,1601_Harward_Phlebotomy.xml,11427,1693,17,0,16
162,02_EMEMT,1606_Fage_SpeculumAegrotorum.xml,9408,1476,7,0,30
163,02_EMEMT,1631_Simotta_PlanetaryHovres.xml,6426,1269,63,3,0
164,02_EMEMT,1637_Brian_Pisseprophe.xml,11846,1568,2,3,0
165,02_EMEMT,1640_Bartlet_WarmingStone.xml,2720,739,1,0,0
166,02_EMEMT,1658_Culpeper_SemeioticaUranica.xml,11489,1793,5,5,0
167,02_EMEMT,1659_Culpeper_SchoolOfPhysick_Astrology.xml,985,263,0,0,0
168,02_EMEMT,1659_Culpeper_SchoolOfPhysick_Urinal.xml,1476,519,1,0,0
169,02_EMEMT,1671_Blagrave_AstrologicalPracticeOfPhysick.xml,11369,1821,75,3,0
170,02_EMEMT,1675_Cock_MiscelaneaMedica.xml,6507,1650,6,0,0
171,02_EMEMT,1696_Maynwaringe_TruePurgation.xml,12802,2598,30,4,0
172,02_EMEMT,1698_Colbatch_PhysicomedicalEssayConcerningAlkalyAndAcid.xml,11666,2150,45,5,48
173,02_EMEMT,1699_Brown_EpilogueToFivePapers.xml,8195,1989,6,0,0
174,02_EMEMT,1700_Tauvry_TreatiseOfMedicines.xml,11652,2186,0,5,1
175,02_EMEMT,1574_Baker_OleumMagistrale.xml,11459,1779,18,23,147
176,02_EMEMT,1584_Chaloner_VertueOfNitre.xml,12146,2292,6,1,29
177,02_EMEMT,1585_Bailey_Mithridatium.xml,11453,1756,21,15,224
178,02_EMEMT,1588_Bailey_ThreeKindesOfPeppers.xml,8653,1372,3,0,17
179,02_EMEMT,1602_Philaretes_WorkForChimnysweepers.xml,11575,2256,10,2,28
180,02_EMEMT,1602_Russel_DiacatholiconAvrevm.xml,7138,1600,19,0,19
181,02_EMEMT,1615_CT_HowToPlantTobacco.xml,5557,1371,0,0,4
182,02_EMEMT,1631_Jorden_NatvrallBathes.xml,11393,2220,12,0,2
183,02_EMEMT,1632_Rowzee_QveenesWelles.xml,13246,2489,19,7,18
184,02_EMEMT,1664_Lockyer_AdvertisementConcerningPills.xml,8301,1950,13,0,0
185,02_EMEMT,1673_Daffy_ElixirSalutis.xml,2195,779,1,0,0
186,02_EMEMT,1674_Nendick_PopularPill.xml,6708,1708,3,0,0
187,02_EMEMT,1682_Talbor_EnglishRemedy.xml,11312,2104,2,1,0
188,02_EMEMT,1693_Packe_Mineralogia.xml,12562,2352,26,3,7
189,02_EMEMT,1700_Daffy_DirectionsForTakingElixirSalutis.xml,3149,755,3,0,0
190,02_EMEMT,1540_Roesslin_ByrthOfMankynde.xml,10672,1887,0,31,91
191,02_EMEMT,1546_Phayer_BokeOfChyldren.xml,11800,2398,0,20,203
192,02_EMEMT,1603_Jorden_SuffocationOfTheMother.xml,11510,2353,15,0,31
193,02_EMEMT,1612_Guillemeau_Childbirth.xml,11727,2230,7,6,5
194,02_EMEMT,1612_Guillemeau_NvrsingOfChildren.xml,11621,1969,10,10,0
195,02_EMEMT,1636_Sadler_SickWomansLookingglasse.xml,11897,2413,51,21,4
196,02_EMEMT,1651_Culpeper_DirectoryForMidwives.xml,10728,1843,18,2,0
197,02_EMEMT,1653_Pemell_DeMorbisPuerorum.xml,11594,1668,9,16,0
198,02_EMEMT,1671_Sharp_MidwivesBook.xml,11183,1662,4,11,0
199,02_EMEMT,1684_AristotelesMasterpiece.xml,11980,2394,12,3,0
200,02_EMEMT,1539_Moulton_MyrrourOrGlasseOfHelth_Plague.xml,4428,1128,0,11,81
201,02_EMEMT,1578_Brasbridge_PooreMansIewel.xml,11910,2152,0,0,112
202,02_EMEMT,1603_Balmford_PlagvesInfection.xml,11329,1926,10,0,39
203,02_EMEMT,1603_Lodge_TreatiseOfThePlague.xml,12253,2343,9,6,15
204,02_EMEMT,1636_Bradwell_PhysickForThePlagve.xml,12218,3154,50,1,4
205,02_EMEMT,1636_RoyalCollegeOfPhysicians_CertainNecessaryDirections.xml,6408,1296,3,4,0
206,02_EMEMT,1665_TD_FoodAndPhysick.xml,4379,1052,2,1,0
207,02_EMEMT,1665_Wharton_DirectionsForThePlague.xml,2155,726,1,4,0
208,02_EMEMT,1691_Willis_PlainAndEasieMethod.xml,7362,1394,6,12,0
209,02_EMEMT,1525_NeweMater.xml,11669,1469,0,27,203
210,02_EMEMT,1526_GreteHerball.xml,11407,2010,1,79,304
211,02_EMEMT,1526_TreasureOfPoreMen.xml,10682,1456,0,47,212
212,02_EMEMT,1528_LytellBokeOfTheXxiiiiStones.xml,6714,1062,0,49,95
213,02_EMEMT,1548_Turner_NamesOfHerbes.xml,11989,2290,0,2,152
214,02_EMEMT,1550_Bacon_WatersArtyfycialles.xml,3895,900,1,2,57
215,02_EMEMT,1552_Antidotharius.xml,8278,1393,0,128,86
216,02_EMEMT,1561_Braunschweig_HomishApothecarye.xml,11033,1868,0,10,160
217,02_EMEMT,1562_Ruscelli_SecretesOfAlexisOfPiemovn.xml,11856,2025,3,10,56
218,02_EMEMT,1563_Gale_Antidotarie.xml,12116,2540,207,62,50
219,02_EMEMT,1573_Partridge_TreasurieOfCommodiousConceits.xml,7314,1682,2,57,141
220,02_EMEMT,1580_Bright_SufficiencieOfEnglishMedicines.xml,12225,2188,2,0,58
221,02_EMEMT,1580_Monardes_IoyfvllNewes.xml,11760,1814,1,8,18
222,02_EMEMT,1595_Partridge_WiddowesTreasure.xml,11868,1933,5,6,20
223,02_EMEMT,1596_Dawson_GoodHuswifesIewell.xml,3528,874,0,0,2
224,02_EMEMT,1597_Langham_GardenOfHealth.xml,11814,1981,156,4,12
225,02_EMEMT,1602_Plat_DelightesForLadies.xml,8345,1704,17,1,51
226,02_EMEMT,1617_SecretsOfAlbertvsMagnvs.xml,11700,1952,1,1,13
227,02_EMEMT,1633_Gerard_GenerallHistorieOfPlantes.xml,11373,1968,27,0,0
228,02_EMEMT,1634_Hawes_PooremansPlasterbo.xml,12572,2042,6,0,0
229,02_EMEMT,1639_Wood_AlphabeticalBook.xml,12259,1910,20,125,3
230,02_EMEMT,1649_Culpeper_LondonDispensatory.xml,13217,2375,83,3,4
231,02_EMEMT,1649_Rondelet_CountreymansApothecary.xml,4995,1368,22,0,3
232,02_EMEMT,1649_Winter_PretiousTreasury.xml,5990,1338,17,2,0
233,02_EMEMT,1651_Elkes_ApprovedMedicines.xml,10257,1972,10,12,1
234,02_EMEMT,1652_Culpeper_EnglishPhysician.xml,11921,2072,0,0,1
235,02_EMEMT,1653_Grey_ChoiceManual.xml,12271,1634,10,4,1
236,02_EMEMT,1655_Paracelsus_SupremeMysteriesOfNature.xml,9306,1630,14,23,0
237,02_EMEMT,1658_Porta_NaturalMagick.xml,12917,2606,8,15,1
238,02_EMEMT,1659_Culpeper_SchoolOfPhysick_Lapidary.xml,3345,921,5,0,0
239,02_EMEMT,1662_Miles_CountrymansFriend.xml,7518,1208,0,6,0
240,02_EMEMT,1673_Woolley_GentlewomansCompanion.xml,8137,1802,2,1,0
241,02_EMEMT,1677_Woolley_CompleatServantmaid.xml,5232,1213,2,0,0
242,02_EMEMT,1678_Charas_RoyalPharmacopoea.xml,11702,2308,45,17,3
243,02_EMEMT,1679_WM_QueensClose.xml,11652,1756,7,10,0
244,02_EMEMT,1694_Pechey_HerbalOfPhysicalPlants.xml,12516,2067,6,3,0
245,02_EMEMT,1700_Salmon_PharmacopoeiaBateana.xml,12373,2106,20,144,17
246,02_EMEMT,1700_Salmon_PhylaxaMedicinae.xml,12180,1905,14,110,0
247,02_EMEMT,1700_Woolley_SupplementToTheCompleatServantMaid.xml,7713,1267,2,8,0
248,02_EMEMT,1506_Lydgate_GouernallOfHelthe.xml,7058,1618,0,9,268
249,02_EMEMT,1528_Copland_SecreteOfSecretes.xml,8343,1709,0,15,480
250,02_EMEMT,1528_Mediolano_RegimenSanitatisSalerni.xml,11438,2034,0,58,269
251,02_EMEMT,1540_CompostOfPtholomeus.xml,11214,1941,0,99,81
252,02_EMEMT,1541_Elyot_CastelOfHelth.xml,10605,2320,1,4,50
253,02_EMEMT,1542_Boorde_DyetaryOfHelth.xml,11415,2150,0,21,143
254,02_EMEMT,1547_Boorde_BreuiaryOfHelthe.xml,11529,2080,17,46,163
255,02_EMEMT,1550_Boorde_BokeForToLerneAMan.xml,5984,1443,0,12,74
256,02_EMEMT,1565_Moore_HopeOfHealth.xml,11498,2005,0,11,116
257,02_EMEMT,1574_Gratarolo_HealthOfMagistratesAndStudentes.xml,11142,2308,2,0,53
258,02_EMEMT,1581_Mulcaster_TrainingVpOfChildren.xml,11845,2245,3,1,19
259,02_EMEMT,1588_Cogan_HavenOfHealth.xml,11721,2469,11,0,15
260,02_EMEMT,1595_Bullein_GouernementOfHealth.xml,11535,2383,2,13,16
261,02_EMEMT,1604_Manning_ComplexionsCastle.xml,12838,2372,48,1,7
262,02_EMEMT,1607_Mediolano_SchooleOfSalerne.xml,6921,1880,0,1,11
263,02_EMEMT,1620_Venner_ViaRectaAdVitamLongam.xml,11700,1827,1,1,1
264,02_EMEMT,1625_Bacon_OfRegimentOfHealth.xml,760,324,0,1,1
265,02_EMEMT,1631_Ghesel_RvleOfHealth.xml,4119,1327,7,1,8
266,02_EMEMT,1633_Hart_Klinike.xml,11284,1961,4,2,1
267,02_EMEMT,1638_Bacon_HistorieOfLifeAndDeath.xml,12329,2521,3,0,2
268,02_EMEMT,1656_DD_SkilfulPhysician.xml,5854,1055,1,0,0
269,02_EMEMT,1676_Cock_Kitchinphysick.xml,10121,2042,4,15,0
270,02_EMEMT,1683_Maynwaringe_MethodAndMeans.xml,12792,2701,18,8,0
271,02_EMEMT,1696_Tryon_Miscellania_Tract2.xml,11520,1942,0,4,0
272,02_EMEMT,1525_Braunschweig_HandyWarkeOfSurgeri.xml,12462,2360,0,123,911
273,02_EMEMT,1543_DeVigo_MostExcellentWorkesOfChirurgerye.xml,11212,1928,6,12,281
274,02_EMEMT,1553_Geminus_CompendiosaTotiusAnatomieDelineatio.xml,11117,2059,8,15,119
275,02_EMEMT,1562_Bullein_BulleinsBulwarke.xml,11565,2394,0,7,49
276,02_EMEMT,1563_Gale_EnchiridionOfChirurgerie.xml,11625,2208,58,38,85
277,02_EMEMT,1563_Gale_InstitutionOfAChirurgian.xml,12023,2508,7,14,49
278,02_EMEMT,1575_Banister_TreatiseOfChyrurgerie.xml,11857,2481,58,5,204
279,02_EMEMT,1577_Vicary_AnatomieOfMansBody.xml,11964,1884,0,3,28
280,02_EMEMT,1578_Banister_HistorieOfMan.xml,11858,2134,12,1,115
281,02_EMEMT,1579_Chauliac_GvydosQvestions.xml,11833,1763,0,13,57
282,02_EMEMT,1596_Clowes_BookeOfObseruations.xml,11984,2171,100,34,7
283,02_EMEMT,1597_Guillemeau_FrencheChirurgerye.xml,11811,2169,22,1,294
284,02_EMEMT,1612_Lowe_WholeArtOfChyrvrgerie.xml,12261,2194,41,7,18
285,02_EMEMT,1615_Crooke_Mikrokosmografia.xml,11518,2301,9,20,9
286,02_EMEMT,1617_Woodall_SvrgionsMate.xml,11284,2168,19,2,7
287,02_EMEMT,1630_Bonham_ChyrvrgiansClose.xml,13427,2537,444,188,25
288,02_EMEMT,1634_Pare_WorkesOfAmbroseParey.xml,11147,2259,11,0,2
289,02_EMEMT,1650_Read_WorkesOfThatFamousPhysitian.xml,11441,2176,9,4,1
290,02_EMEMT,1651_Brugis_VadeMecum.xml,11617,2390,272,2,4
291,02_EMEMT,1652_Fioravanti_TreatiseOfChirurgery.xml,11737,1472,8,11,0
292,02_EMEMT,1652_Ross_ArcanaMicrocosmi.xml,11551,1552,3,39,1
293,02_EMEMT,1653_Harvey_AnatomicalExercises.xml,11652,1719,4,4,12
294,02_EMEMT,1654_Turner_Mikrokosmos.xml,10965,1662,0,6,2
295,02_EMEMT,1676_Wiseman_OfWounds.xml,11422,2257,40,5,0
296,02_EMEMT,1686_Minderer_MedicinaMilitaris.xml,10673,2150,9,11,0
297,02_EMEMT,1687_Barbette_ThesaurusChirurgiae.xml,12620,2134,40,12,1
298,02_EMEMT,1689_Prat_VadeMecum.xml,10415,2312,30,1,11
299,02_EMEMT,1693_Cooke_MarrowOfChirurgery.xml,12438,2397,27,9,3
300,02_EMEMT,1696_Tryon_Miscellania_Tract1.xml,4459,817,0,6,1
301,02_EMEMT,1698_Colbatch_NovumLumenChirurgicum.xml,11387,1830,6,7,0
302,02_EMEMT,1665_pt1_077-8.xml,368,185,2,0,0
303,02_EMEMT,1665_pt1_100-1.xml,382,192,0,0,0
304,02_EMEMT,1665_pt1_117-8.xml,328,171,0,0,0
305,02_EMEMT,1665_pt1_128-30.xml,1016,424,1,0,0
306,02_EMEMT,1666_pt1_133-7.xml,1323,481,1,0,0
307,02_EMEMT,1666_pt1_138-9.xml,463,235,1,0,0
308,02_EMEMT,1666_pt1_176-8.xml,1677,591,4,2,0
309,02_EMEMT,1666_pt1_316-20.xml,2616,752,1,0,0
310,02_EMEMT,1666_pt1_353-8.xml,2015,559,0,1,0
311,02_EMEMT,1666_pt1_358-9.xml,429,218,0,0,0
312,02_EMEMT,1666_pt1_366-7.xml,530,243,1,1,0
313,02_EMEMT,1666_pt1_379-80.xml,336,189,0,0,0
314,02_EMEMT,1666_pt1_380-1.xml,447,212,0,0,0
315,02_EMEMT,1666_pt1_385-8.xml,1132,396,6,0,0
316,02_EMEMT,1666_pt1_397.xml,291,147,0,2,0
317,02_EMEMT,1667_pt2_449-52.xml,1346,427,1,0,0
318,02_EMEMT,1667_pt2_479-81.xml,742,331,1,1,0
319,02_EMEMT,1667_pt2_482.xml,139,90,0,0,0
320,02_EMEMT,1667_pt2_489-90.xml,341,182,0,0,0
321,02_EMEMT,1667_pt2_490-1.xml,470,229,0,0,0
322,02_EMEMT,1667_pt2_491-2.xml,713,288,0,0,0
323,02_EMEMT,1667_pt2_492.xml,178,92,1,0,0
324,02_EMEMT,1667_pt2_506-12.xml,3296,913,2,2,0
325,02_EMEMT,1667_pt2_517-25.xml,3196,963,2,0,1
326,02_EMEMT,1667_pt2_534-5.xml,443,223,1,2,0
327,02_EMEMT,1667_pt2_544-6.xml,990,348,0,0,0
328,02_EMEMT,1667_pt2_546-51.xml,2392,806,3,0,0
329,02_EMEMT,1667_pt2_551-2.xml,648,279,0,0,0
330,02_EMEMT,1667_pt2_552-3.xml,387,202,0,0,0
331,02_EMEMT,1667_pt2_557-9.xml,818,298,3,0,0
332,02_EMEMT,1667_pt2_559-64.xml,2296,737,1,0,0
333,02_EMEMT,1667_pt2_564-5.xml,484,256,1,0,0
334,02_EMEMT,1667_pt2_576-9.xml,1423,530,0,1,0
335,02_EMEMT,1668_pt2_600-2.xml,830,331,0,2,0
336,02_EMEMT,1668_pt2_617-23.xml,3448,921,2,0,0
337,02_EMEMT,1668_pt2_627-8.xml,683,300,2,1,0
338,02_EMEMT,1668_pt3_663-4.xml,730,367,6,5,1
339,02_EMEMT,1668_pt3_665-8.xml,1097,425,0,0,0
340,02_EMEMT,1668_pt3_668-71.xml,1907,515,0,0,0
341,02_EMEMT,1668_pt3_699-709.xml,5613,1437,9,0,0
342,02_EMEMT,1668_pt3_710-5.xml,3801,1004,0,0,0
343,02_EMEMT,1668_pt3_727-31.xml,2149,692,3,0,0
344,02_EMEMT,1668_pt3_731-2.xml,432,257,5,0,0
345,02_EMEMT,1668_pt3_750-2.xml,933,501,13,0,4
346,02_EMEMT,1668_pt3_765-6.xml,236,139,1,0,0
347,02_EMEMT,1668_pt3_766-7.xml,301,169,0,0,0
348,02_EMEMT,1668_pt3_774.xml,315,156,0,0,0
349,02_EMEMT,1668_pt3_791-2.xml,694,281,3,0,0
350,02_EMEMT,1668_pt3_833-5.xml,1285,455,0,0,0
351,02_EMEMT,1668_pt3_840-1.xml,616,263,3,0,0
352,02_EMEMT,1669_pt4_1018-9.xml,477,245,3,1,1
353,02_EMEMT,1669_pt4_1034-7.xml,1535,536,0,0,0
354,02_EMEMT,1669_pt4_1037-40.xml,1949,762,5,1,0
355,02_EMEMT,1669_pt4_1043-7.xml,2052,714,8,2,3
356,02_EMEMT,1669_pt4_1047-50.xml,1154,507,7,1,2
357,02_EMEMT,1669_pt4_1050-5.xml,1771,623,4,0,2
358,02_EMEMT,1669_pt4_1075-7.xml,577,274,2,0,0
359,02_EMEMT,1669_pt4_1077.xml,238,142,1,0,0
360,02_EMEMT,1669_pt4_1089-91.xml,492,245,1,1,0
361,02_EMEMT,1669_pt4_1094-7.xml,949,420,5,0,0
362,02_EMEMT,1669_pt4_909-12.xml,1449,485,0,2,0
363,02_EMEMT,1669_pt4_969-70.xml,555,307,12,1,3
364,02_EMEMT,1669_pt4_977-82.xml,2439,777,3,0,0
365,02_EMEMT,1670_pt4_1128-31.xml,1380,475,1,0,1
366,02_EMEMT,1670_pt4_1131-4.xml,1658,649,2,0,0
367,02_EMEMT,1672_pt7_4018-26.xml,3696,1026,17,12,4
368,02_EMEMT,1672_pt7_4030.xml,274,154,0,1,0
369,02_EMEMT,1672_pt7_4062-4.xml,916,385,2,0,0
370,02_EMEMT,1672_pt7_4071-3.xml,1186,473,2,1,0
371,02_EMEMT,1672_pt7_4077.xml,362,195,0,1,1
372,02_EMEMT,1672_pt7_4098-5001.xml,1367,647,24,1,6
373,02_EMEMT,1672_pt7_5007-11.xml,1514,473,1,0,0
374,02_EMEMT,1672_pt7_5019-21.xml,857,348,1,0,0
375,02_EMEMT,1672_pt7_5021-3.xml,917,410,0,1,0
376,02_EMEMT,1672_pt7_5023-4.xml,617,306,1,1,3
377,02_EMEMT,1672_pt7_5024-6.xml,606,315,6,1,1
378,02_EMEMT,1672_pt7_5031-3.xml,1209,440,7,0,0
379,02_EMEMT,1672_pt7_5052-9.xml,3465,982,1,1,0
380,02_EMEMT,1672_pt7_5060-7.xml,3304,890,3,2,0
381,02_EMEMT,1672_pt7_5076-7.xml,957,366,0,1,1
382,02_EMEMT,1672_pt7_5079-80.xml,620,291,3,1,0
383,02_EMEMT,1672_pt7_5105-6.xml,570,296,4,1,0
384,02_EMEMT,1672_pt7_5108-16.xml,3309,889,4,0,0
385,02_EMEMT,1674_pt9_004-8.xml,2056,675,6,0,0
386,02_EMEMT,1674_pt9_014.xml,218,130,0,1,0
387,02_EMEMT,1674_pt9_015-20.xml,2249,830,13,1,0
388,02_EMEMT,1674_pt9_023-5.xml,951,343,1,0,0
389,02_EMEMT,1674_pt9_041-7.xml,2707,813,0,0,0
390,02_EMEMT,1674_pt9_066-73.xml,3364,937,2,0,0
391,02_EMEMT,1686_pt16_140-5.xml,2178,677,6,0,0
392,02_EMEMT,1686_pt16_228-31.xml,1320,512,6,0,0
393,02_EMEMT,1687_pt16_298.xml,416,206,2,1,0
394,02_EMEMT,1687_pt16_332-4.xml,795,306,8,0,0
395,02_EMEMT,1687_pt16_334.xml,226,130,2,0,0
396,02_EMEMT,1687_pt16_371-6.xml,2110,647,8,0,0
397,02_EMEMT,1687_pt16_408-10.xml,965,385,1,0,0
398,02_EMEMT,1687_pt16_433-4.xml,657,258,5,0,0
399,02_EMEMT,1688_pt16_462-8.xml,2423,826,14,1,0
400,02_EMEMT,1688_pt16_474-83.xml,3485,809,14,0,0
401,02_EMEMT,1688_pt16_486-8.xml,965,379,10,0,0
402,02_EMEMT,1691_pt16_501-2.xml,236,122,0,0,0
403,02_EMEMT,1691_pt16_502-4.xml,828,333,1,0,0
404,02_EMEMT,1691_pt16_523-4.xml,587,233,1,0,0
405,02_EMEMT,1691_pt16_525-7.xml,961,386,0,7,0
406,02_EMEMT,1691_pt16_528-30.xml,770,349,0,0,0
407,02_EMEMT,1691_pt16_544-54.xml,3595,807,2,0,0
408,02_EMEMT,1693_pt17_1000-1.xml,702,321,1,0,0
409,02_EMEMT,1693_pt17_1002-4.xml,879,372,4,2,0
410,02_EMEMT,1693_pt17_583-4.xml,447,227,2,0,0
411,02_EMEMT,1693_pt17_593-4.xml,598,259,0,1,0
412,02_EMEMT,1693_pt17_594-6.xml,492,220,4,6,0
413,02_EMEMT,1693_pt17_611-4.xml,2653,865,4,0,0
414,02_EMEMT,1693_pt17_627-41.xml,5201,1163,6,6,0
415,02_EMEMT,1693_pt17_646-9.xml,1266,421,0,9,0
416,02_EMEMT,1693_pt17_657-62.xml,2300,718,7,1,0
417,02_EMEMT,1693_pt17_672-7.xml,1746,540,1,0,0
418,02_EMEMT,1693_pt17_717-28.xml,4271,1045,6,1,0
419,02_EMEMT,1693_pt17_729-30.xml,568,267,2,0,0
420,02_EMEMT,1693_pt17_762-7.xml,1694,690,13,0,2
421,02_EMEMT,1693_pt17_817-24.xml,2647,813,8,7,2
422,02_EMEMT,1693_pt17_838-43.xml,2103,586,1,7,0
423,02_EMEMT,1693_pt17_875-7.xml,910,402,4,2,0
424,02_EMEMT,1693_pt17_898-908.xml,3771,950,2,4,0
425,02_EMEMT,1693_pt17_925-35.xml,3783,1110,8,1,2
426,02_EMEMT,1694_pt18_015-20.xml,1965,682,9,1,0
427,02_EMEMT,1694_pt18_020-3.xml,1196,476,4,1,0
428,02_EMEMT,1694_pt18_024-5.xml,583,291,2,0,0
429,02_EMEMT,1694_pt18_033-7.xml,1770,738,12,1,1
430,02_EMEMT,1694_pt18_038-40.xml,771,354,4,1,0
431,02_EMEMT,1694_pt18_042-4.xml,770,331,1,0,0
432,02_EMEMT,1694_pt18_051.xml,170,115,2,0,0
433,02_EMEMT,1694_pt18_103-4.xml,536,254,3,1,1
434,02_EMEMT,1694_pt18_111-2.xml,473,242,3,0,0
435,02_EMEMT,1694_pt18_118-20.xml,961,433,2,1,0
436,02_EMEMT,1694_pt18_162-6.xml,1571,549,3,0,0
437,02_EMEMT,1694_pt18_219-21.xml,1008,380,2,1,0
438,02_EMEMT,1694_pt18_222-3.xml,369,187,0,1,0
439,02_EMEMT,1694_pt18_226-32.xml,1983,635,15,17,0
440,02_EMEMT,1694_pt18_264-75.xml,4081,1107,4,1,0
441,03_LMEMT,1731_GEN-PER_GM_Vol1_0081.xml,559,274,3,0,0
442,03_LMEMT,1731_GEN-PER_GM_Vol1_0130.xml,353,185,1,0,0
443,03_LMEMT,1731_GEN-PER_GM_Vol1_0176.xml,542,266,2,0,0
444,03_LMEMT,1731_GEN-PER_GM_Vol1_0222.xml,312,164,1,0,0
445,03_LMEMT,1731_GEN-PER_GM_Vol1_0268.xml,564,278,3,0,0
446,03_LMEMT,1731_GEN-PER_GM_Vol1_0309.xml,359,175,1,0,0
447,03_LMEMT,1731_GEN-PER_GM_Vol1_0314.xml,449,230,0,1,0
448,03_LMEMT,1731_GEN-PER_GM_Vol1_0350.xml,423,264,0,0,0
449,03_LMEMT,1731_GEN-PER_GM_Vol1_0356.xml,182,106,0,0,0
450,03_LMEMT,1731_GEN-PER_GM_Vol1_0377.xml,229,136,0,1,0
451,03_LMEMT,1731_GEN-PER_GM_Vol1_0398a.xml,136,102,0,0,0
452,03_LMEMT,1731_GEN-PER_GM_Vol1_0398b.xml,80,62,0,0,0
453,03_LMEMT,1731_GEN-PER_GM_Vol1_0405.xml,76,54,1,0,0
454,03_LMEMT,1731_GEN-PER_GM_Vol1_0451.xml,512,257,1,1,0
455,03_LMEMT,1731_GEN-PER_GM_Vol1_0490.xml,451,240,0,1,0
456,03_LMEMT,1731_GEN-PER_GM_Vol1_0494.xml,191,121,0,0,0
457,03_LMEMT,1731_GEN-PER_GM_Vol1_0522.xml,324,198,0,0,0
458,03_LMEMT,1737_GEN-PER_GM_Vol7_0050.xml,116,84,0,0,0
459,03_LMEMT,1737_GEN-PER_GM_Vol7_0118.xml,207,132,0,0,0
460,03_LMEMT,1737_GEN-PER_GM_Vol7_0182.xml,122,87,0,0,0
461,03_LMEMT,1737_GEN-PER_GM_Vol7_0213.xml,1989,700,1,0,0
462,03_LMEMT,1737_GEN-PER_GM_Vol7_0214.xml,908,401,1,0,0
463,03_LMEMT,1737_GEN-PER_GM_Vol7_0243.xml,1062,496,1,0,0
464,03_LMEMT,1737_GEN-PER_GM_Vol7_0248.xml,428,268,0,0,0
465,03_LMEMT,1737_GEN-PER_GM_Vol7_0424.xml,1757,644,2,0,0
466,03_LMEMT,1737_GEN-PER_GM_Vol7_0505.xml,651,351,0,0,0
467,03_LMEMT,1737_GEN-PER_GM_Vol7_0561.xml,1209,489,0,0,0
468,03_LMEMT,1737_GEN-PER_GM_Vol7_0691a.xml,692,324,1,0,0
469,03_LMEMT,1737_GEN-PER_GM_Vol7_0691b.xml,236,141,0,0,0
470,03_LMEMT,1737_GEN-PER_GM_Vol7_0692.xml,739,394,0,0,0
471,03_LMEMT,1737_GEN-PER_GM_Vol7_0757.xml,604,300,0,0,0
472,03_LMEMT,1743_GEN-PER_GM_Vol13_0137.xml,1301,576,1,2,0
473,03_LMEMT,1743_GEN-PER_GM_Vol13_0189.xml,797,396,3,1,0
474,03_LMEMT,1743_GEN-PER_GM_Vol13_0211.xml,2070,937,1,0,0
475,03_LMEMT,1743_GEN-PER_GM_Vol13_0212.xml,163,123,0,0,0
476,03_LMEMT,1743_GEN-PER_GM_Vol13_0266.xml,227,152,0,0,0
477,03_LMEMT,1743_GEN-PER_GM_Vol13_0310.xml,179,119,0,0,0
478,03_LMEMT,1743_GEN-PER_GM_Vol13_0392.xml,98,72,0,1,0
479,03_LMEMT,1743_GEN-PER_GM_Vol13_0422.xml,1932,745,1,0,0
480,03_LMEMT,1743_GEN-PER_GM_Vol13_0425.xml,1380,573,0,0,0
481,03_LMEMT,1743_GEN-PER_GM_Vol13_0432a.xml,509,243,0,0,0
482,03_LMEMT,1743_GEN-PER_GM_Vol13_0432b.xml,280,164,0,0,0
483,03_LMEMT,1743_GEN-PER_GM_Vol13_0484.xml,1057,445,10,0,0
484,03_LMEMT,1743_GEN-PER_GM_Vol13_0487.xml,216,116,0,0,0
485,03_LMEMT,1749_GEN-PER_GM_Vol19_0326.xml,374,226,0,0,0
486,03_LMEMT,1755_GEN-PER_GM_Vol25_0007.xml,657,316,0,0,0
487,03_LMEMT,1755_GEN-PER_GM_Vol25_0012.xml,1924,683,4,2,0
488,03_LMEMT,1755_GEN-PER_GM_Vol25_0029.xml,1333,602,17,2,0
489,03_LMEMT,1755_GEN-PER_GM_Vol25_0043.xml,891,400,1,0,0
490,03_LMEMT,1755_GEN-PER_GM_Vol25_0066.xml,1730,534,4,1,0
491,03_LMEMT,1755_GEN-PER_GM_Vol25_0074.xml,1870,741,0,0,0
492,03_LMEMT,1755_GEN-PER_GM_Vol25_0111.xml,460,221,3,0,0
493,03_LMEMT,1755_GEN-PER_GM_Vol25_0152.xml,301,173,0,0,0
494,03_LMEMT,1755_GEN-PER_GM_Vol25_0197.xml,1182,490,10,0,0
495,03_LMEMT,1755_GEN-PER_GM_Vol25_0204.xml,1104,493,2,0,0
496,03_LMEMT,1755_GEN-PER_GM_Vol25_0245.xml,829,362,1,0,0
497,03_LMEMT,1755_GEN-PER_GM_Vol25_0270.xml,2033,840,19,0,0
498,03_LMEMT,1755_GEN-PER_GM_Vol25_0276.xml,168,117,0,0,0
499,03_LMEMT,1755_GEN-PER_GM_Vol25_0308.xml,2329,924,21,1,0
500,03_LMEMT,1755_GEN-PER_GM_Vol25_0313.xml,1503,592,1,0,0
501,03_LMEMT,1755_GEN-PER_GM_Vol25_0462.xml,2160,804,7,0,0
502,03_LMEMT,1755_GEN-PER_GM_Vol25_0502.xml,278,152,0,0,0
503,03_LMEMT,1755_GEN-PER_GM_Vol25_0503.xml,422,203,1,0,0
504,03_LMEMT,1755_GEN-PER_GM_Vol25_0568.xml,234,150,0,0,0
505,03_LMEMT,1761_GEN-PER_GM_Vol31_0061.xml,1043,446,1,0,0
506,03_LMEMT,1761_GEN-PER_GM_Vol31_0157.xml,1324,494,1,1,0
507,03_LMEMT,1761_GEN-PER_GM_Vol31_0182.xml,98,70,0,0,0
508,03_LMEMT,1761_GEN-PER_GM_Vol31_0213.xml,954,398,1,1,0
509,03_LMEMT,1761_GEN-PER_GM_Vol31_0218.xml,1282,511,0,0,0
510,03_LMEMT,1761_GEN-PER_GM_Vol31_0250.xml,343,198,2,0,0
511,03_LMEMT,1761_GEN-PER_GM_Vol31_0261.xml,720,300,0,0,0
512,03_LMEMT,1761_GEN-PER_GM_Vol31_0270.xml,722,329,0,0,0
513,03_LMEMT,1761_GEN-PER_GM_Vol31_0293.xml,979,398,0,0,0
514,03_LMEMT,1761_GEN-PER_GM_Vol31_0305.xml,310,177,0,0,0
515,03_LMEMT,1761_GEN-PER_GM_Vol31_0340.xml,1253,528,0,0,0
516,03_LMEMT,1761_GEN-PER_GM_Vol31_0354.xml,2125,711,6,0,0
517,03_LMEMT,1761_GEN-PER_GM_Vol31_0411.xml,298,160,0,0,0
518,03_LMEMT,1761_GEN-PER_GM_Vol31_0435.xml,1739,558,0,0,0
519,03_LMEMT,1761_GEN-PER_GM_Vol31_0488.xml,404,220,0,0,0
520,03_LMEMT,1761_GEN-PER_GM_Vol31_0493.xml,2357,682,1,4,0
521,03_LMEMT,1761_GEN-PER_GM_Vol31_0521.xml,600,264,0,0,0
522,03_LMEMT,1761_GEN-PER_GM_Vol31_0524.xml,1026,449,0,0,0
523,03_LMEMT,1761_GEN-PER_GM_Vol31_0572.xml,3392,978,0,0,0
524,03_LMEMT,1761_GEN-PER_GM_Vol31_0624.xml,2691,840,5,1,0
525,03_LMEMT,1767_GEN-PER_GM_Vol37_0009.xml,4034,1022,10,1,0
526,03_LMEMT,1767_GEN-PER_GM_Vol37_0052.xml,1436,530,1,0,0
527,03_LMEMT,1767_GEN-PER_GM_Vol37_0072.xml,591,287,1,0,0
528,03_LMEMT,1767_GEN-PER_GM_Vol37_0163.xml,372,197,0,0,0
529,03_LMEMT,1767_GEN-PER_GM_Vol37_0254.xml,762,337,0,0,0
530,03_LMEMT,1767_GEN-PER_GM_Vol37_0313.xml,1621,580,4,1,0
531,03_LMEMT,1767_GEN-PER_GM_Vol37_0316.xml,791,344,0,0,0
532,03_LMEMT,1767_GEN-PER_GM_Vol37_0339.xml,924,368,0,0,0
533,03_LMEMT,1767_GEN-PER_GM_Vol37_0340.xml,504,260,2,0,0
534,03_LMEMT,1767_GEN-PER_GM_Vol37_0347.xml,752,295,0,0,0
535,03_LMEMT,1767_GEN-PER_GM_Vol37_0360.xml,734,342,0,0,0
536,03_LMEMT,1767_GEN-PER_GM_Vol37_0362.xml,3010,851,1,0,0
537,03_LMEMT,1767_GEN-PER_GM_Vol37_0397.xml,887,389,1,1,0
538,03_LMEMT,1767_GEN-PER_GM_Vol37_0411.xml,1658,586,2,0,0
539,03_LMEMT,1767_GEN-PER_GM_Vol37_0412.xml,107,77,0,0,0
540,03_LMEMT,1767_GEN-PER_GM_Vol37_0413.xml,1823,610,1,1,0
541,03_LMEMT,1767_GEN-PER_GM_Vol37_0420.xml,712,320,0,1,0
542,03_LMEMT,1767_GEN-PER_GM_Vol37_0460.xml,2860,747,6,0,0
543,03_LMEMT,1767_GEN-PER_GM_Vol37_0488a.xml,40,31,0,0,0
544,03_LMEMT,1767_GEN-PER_GM_Vol37_0488b.xml,30,26,0,0,0
545,03_LMEMT,1767_GEN-PER_GM_Vol37_0494.xml,340,189,0,0,0
546,03_LMEMT,1767_GEN-PER_GM_Vol37_0502.xml,789,333,1,0,0
547,03_LMEMT,1767_GEN-PER_GM_Vol37_0532.xml,291,165,0,0,0
548,03_LMEMT,1767_GEN-PER_GM_Vol37_0535.xml,460,233,0,0,0
549,03_LMEMT,1767_GEN-PER_GM_Vol37_0542.xml,1315,508,1,0,0
550,03_LMEMT,1767_GEN-PER_GM_Vol37_0544.xml,627,270,0,1,0
551,03_LMEMT,1767_GEN-PER_GM_Vol37_0545.xml,534,241,1,2,0
552,03_LMEMT,1767_GEN-PER_GM_Vol37_0554.xml,1645,625,0,0,0
553,03_LMEMT,1767_GEN-PER_GM_Vol37_0581.xml,316,157,0,0,0
554,03_LMEMT,1767_GEN-PER_GM_Vol37_0590.xml,526,230,2,0,0
555,03_LMEMT,1767_GEN-PER_GM_Vol37_0595.xml,1421,567,1,0,0
556,03_LMEMT,1767_GEN-PER_GM_Vol37_0634.xml,1147,430,2,0,0
557,03_LMEMT,1773_GEN-PER_GM_Vol43_0032.xml,1238,482,0,5,0
558,03_LMEMT,1773_GEN-PER_GM_Vol43_0117.xml,2112,737,8,1,0
559,03_LMEMT,1773_GEN-PER_GM_Vol43_0184.xml,954,392,0,0,0
560,03_LMEMT,1773_GEN-PER_GM_Vol43_0293.xml,213,148,0,0,0
561,03_LMEMT,1773_GEN-PER_GM_Vol43_0344.xml,296,174,0,0,0
562,03_LMEMT,1773_GEN-PER_GM_Vol43_0373.xml,705,329,0,0,0
563,03_LMEMT,1773_GEN-PER_GM_Vol43_0399.xml,792,383,0,0,0
564,03_LMEMT,1773_GEN-PER_GM_Vol43_0553.xml,1190,474,2,0,0
565,03_LMEMT,1780_GEN-PER_GM_Vol50_0126.xml,975,410,6,0,0
566,03_LMEMT,1780_GEN-PER_GM_Vol50_0136.xml,2018,786,2,11,0
567,03_LMEMT,1780_GEN-PER_GM_Vol50_0276.xml,756,361,0,1,0
568,03_LMEMT,1780_GEN-PER_GM_Vol50_0280.xml,838,488,16,0,0
569,03_LMEMT,1780_GEN-PER_GM_Vol50_0324.xml,337,185,0,0,0
570,03_LMEMT,1780_GEN-PER_GM_Vol50_0481.xml,716,341,0,0,0
571,03_LMEMT,1786_GEN-PER_GM_Vol56_0130.xml,813,362,1,0,0
572,03_LMEMT,1786_GEN-PER_GM_Vol56_0223.xml,733,339,0,0,0
573,03_LMEMT,1786_GEN-PER_GM_Vol56_0507.xml,2039,792,1,0,0
574,03_LMEMT,1786_GEN-PER_GM_Vol56_0637.xml,591,321,0,0,0
575,03_LMEMT,1786_GEN-PER_GM_Vol56_0688.xml,1487,640,2,0,0
576,03_LMEMT,1786_GEN-PER_GM_Vol56_0871.xml,2672,928,4,25,0
577,03_LMEMT,1786_GEN-PER_GM_Vol56_0948.xml,197,126,0,0,0
578,03_LMEMT,1786_GEN-PER_GM_Vol56_1007.xml,808,382,1,0,0
579,03_LMEMT,1786_GEN-PER_GM_Vol56_1035.xml,987,371,0,0,0
580,03_LMEMT,1792_GEN-PER_GM_Vol62_0043.xml,421,222,1,1,0
581,03_LMEMT,1792_GEN-PER_GM_Vol62_0060.xml,699,348,3,0,0
582,03_LMEMT,1792_GEN-PER_GM_Vol62_0102.xml,1242,414,0,0,0
583,03_LMEMT,1792_GEN-PER_GM_Vol62_0134.xml,493,254,1,0,0
584,03_LMEMT,1792_GEN-PER_GM_Vol62_0162.xml,281,167,2,0,0
585,03_LMEMT,1792_GEN-PER_GM_Vol62_0211.xml,437,220,0,0,0
586,03_LMEMT,1792_GEN-PER_GM_Vol62_0231.xml,399,219,0,0,0
587,03_LMEMT,1792_GEN-PER_GM_Vol62_0232.xml,1131,416,4,0,0
588,03_LMEMT,1792_GEN-PER_GM_Vol62_0299.xml,1406,518,1,1,0
589,03_LMEMT,1792_GEN-PER_GM_Vol62_0311.xml,2247,633,3,1,0
590,03_LMEMT,1792_GEN-PER_GM_Vol62_0354.xml,1878,672,2,7,0
591,03_LMEMT,1792_GEN-PER_GM_Vol62_0356.xml,1449,587,1,0,0
592,03_LMEMT,1792_GEN-PER_GM_Vol62_0441.xml,902,438,2,0,0
593,03_LMEMT,1792_GEN-PER_GM_Vol62_0447a.xml,541,268,0,0,0
594,03_LMEMT,1792_GEN-PER_GM_Vol62_0447b.xml,637,303,2,0,0
595,03_LMEMT,1792_GEN-PER_GM_Vol62_0554.xml,145,97,1,1,0
596,03_LMEMT,1792_GEN-PER_GM_Vol62_0603.xml,1407,520,1,0,0
597,03_LMEMT,1792_GEN-PER_GM_Vol62_0694.xml,354,196,0,0,0
598,03_LMEMT,1792_GEN-PER_GM_Vol62_0707.xml,506,258,0,0,0
599,03_LMEMT,1792_GEN-PER_GM_Vol62_0744a.xml,630,298,0,0,0
600,03_LMEMT,1792_GEN-PER_GM_Vol62_0744b.xml,1813,638,2,0,0
601,03_LMEMT,1792_GEN-PER_GM_Vol62_0839.xml,1147,519,0,0,0
602,03_LMEMT,1792_GEN-PER_GM_Vol62_0885.xml,378,202,0,0,0
603,03_LMEMT,1792_GEN-PER_GM_Vol62_0886.xml,4211,998,2,0,0
604,03_LMEMT,1792_GEN-PER_GM_Vol62_0892.xml,390,206,1,0,0
605,03_LMEMT,1792_GEN-PER_GM_Vol62_0937.xml,644,324,1,0,0
606,03_LMEMT,1792_GEN-PER_GM_Vol62_1008.xml,158,110,0,0,0
607,03_LMEMT,1792_GEN-PER_GM_Vol62_1024.xml,1219,521,2,0,0
608,03_LMEMT,1792_GEN-PER_GM_Vol62_1027.xml,2336,777,0,0,0
609,03_LMEMT,1792_GEN-PER_GM_Vol62_1082.xml,111,75,0,0,0
610,03_LMEMT,1792_GEN-PER_GM_Vol62_1163.xml,223,132,1,0,0
611,03_LMEMT,1792_GEN-PER_GM_Vol62_1202.xml,3094,1037,2,16,0
612,03_LMEMT,1798_GEN-PER_GM_Vol68_0192.xml,3606,1370,32,2,0
613,03_LMEMT,1798_GEN-PER_GM_Vol68_0294.xml,1505,587,2,0,0
614,03_LMEMT,1798_GEN-PER_GM_Vol68_0384.xml,470,264,0,0,0
615,03_LMEMT,1798_GEN-PER_GM_Vol68_0463.xml,228,133,0,0,0
616,03_LMEMT,1798_GEN-PER_GM_Vol68_0467.xml,945,447,2,0,0
617,03_LMEMT,1798_GEN-PER_GM_Vol68_0479.xml,1467,559,2,0,0
618,03_LMEMT,1798_GEN-PER_GM_Vol68_0600.xml,309,190,4,0,0
619,03_LMEMT,1798_GEN-PER_GM_Vol68_0647.xml,369,198,0,0,0
620,03_LMEMT,1798_GEN-PER_GM_Vol68_0665a.xml,175,96,2,0,0
621,03_LMEMT,1798_GEN-PER_GM_Vol68_0665b.xml,742,366,0,2,0
622,03_LMEMT,1798_GEN-PER_GM_Vol68_0739a.xml,232,145,0,0,0
623,03_LMEMT,1798_GEN-PER_GM_Vol68_0739b.xml,773,397,1,1,0
624,03_LMEMT,1798_GEN-PER_GM_Vol68_0786.xml,82,63,1,0,0
625,03_LMEMT,1798_GEN-PER_GM_Vol68_0823a.xml,266,160,0,0,0
626,03_LMEMT,1798_GEN-PER_GM_Vol68_0823b.xml,513,261,0,0,0
627,03_LMEMT,1798_GEN-PER_GM_Vol68_0919a.xml,537,303,2,1,0
628,03_LMEMT,1798_GEN-PER_GM_Vol68_0919b.xml,988,470,0,0,0
629,03_LMEMT,1798_GEN-PER_GM_Vol68_1028.xml,329,176,0,0,0
630,03_LMEMT,1798_GEN-PER_GM_Vol68_1029.xml,825,358,0,0,0
631,03_LMEMT,1708_GEN_Mead_ADiscourseConcerningTheActionOfTheSunAndMoonOnAnimalBodies.xml,8288,1899,11,2,3
632,03_LMEMT,1714_GEN_Boerhaave_InstitutionsInPhysick.xml,11925,2406,48,6,0
633,03_LMEMT,1715_GEN_Boerhaave_Boerhaave'sAphorisms.xml,12540,2464,66,2,0
634,03_LMEMT,1723_GEN_Shaw_ATreatiseOfIncurableDiseases.xml,11914,2524,18,3,0
635,03_LMEMT,1724_GEN_Anonymous_ALetterToGeorgeCheyne.xml,13315,2500,5,1,0
636,03_LMEMT,1734_GEN_Hooke_AnEssayOnPhysick.xml,12688,2583,10,2,0
637,03_LMEMT,1735_GEN_Armstrong_AnEssayForAbridgingTheStudyOfPhysick.xml,8227,2152,1,2,0
638,03_LMEMT,1742_GEN_Rudd_ACertainMethodToKnowTheDisease.xml,9635,1936,0,1,0
639,03_LMEMT,1753_GEN_Anonymous_AnEssayOnPowerOfNatureAndArtInCuringDiseases.xml,10316,2215,8,0,0
640,03_LMEMT,1765_GEN_Tissot_AdviceToThePeopleInGeneralWithRegardToTheirHealth.xml,10503,2303,4,2,0
641,03_LMEMT,1770_GEN_Fordyce_ElementsOfThePracticeOfPhysic.xml,11847,1620,12,1,0
642,03_LMEMT,1772_GEN_Buchan_DomesticMedicine.xml,11471,2279,2,2,0
643,03_LMEMT,1774_GEN_Morland_ARationalAccountOfTheCausesOfChronicDiseases.xml,5523,1714,19,0,0
644,03_LMEMT,1777_GEN_Aitken_MedicalImprovemen.xml,4585,1590,2,0,0
645,03_LMEMT,1778_GEN_Smith_AnEnlargedSyllabusOfPhilosophicalLectures.xml,6753,1542,0,25,0
646,03_LMEMT,1780_GEN_Anonymous_ADissertationUponTheNervousSystemToShowItsInfluenceUponTheSoul.xml,12037,2816,0,3,0
647,03_LMEMT,1785_GEN_Robinson_EveryPatientHisOwnDoctor.xml,13210,2552,4,18,0
648,03_LMEMT,1790_GEN_Wallis_AnnualOration.xml,10772,2574,29,0,0
649,03_LMEMT,1793_GEN_Webster_FactsTendingToShowTheConnectionOfTheStomachWithLife.xml,10234,2130,19,0,0
650,03_LMEMT,1795_GEN_Anonymous_DirectionsForTheMedicineChes.xml,5858,972,31,29,0
651,03_LMEMT,1701_REC_Willis_ReceiptsForTheCureOfDistempers.xml,12565,1541,16,24,0
652,03_LMEMT,1703_REC_Cockburn_ThePresentUncertaintyInTheKnowledgeOfMed'cines.xml,8176,1651,0,0,0
653,03_LMEMT,1705_REC_Cockburn_ThePracticeOfPurgingAndVomitingMedicines.xml,2786,840,9,4,0
654,03_LMEMT,1714_REC_Kettilby_ACollectionOfReceiptsInCookeryPhysickAndSurgery.xml,12448,1800,0,18,0
655,03_LMEMT,1718_REC_Banyer_PharmacopoeiaPauperum.xml,12866,2591,117,42,0
656,03_LMEMT,1718_REC_Quincy_PharmacopoeiaOfficinalisExtemporanea.xml,12298,2361,76,90,0
657,03_LMEMT,1721_REC_Browne_Antidotaria_OrACorrelctionOFAntidotesAgainstThePlague.xml,10148,2417,11,25,0
658,03_LMEMT,1721_REC_RCoPoL_DispensatoryOfTheRoyalCollegeOfPhysiciansinLondon.xml,12615,1900,17,4,0
659,03_LMEMT,1727_REC_Hermann_MateriaMedica.xml,12708,2450,24,12,0
660,03_LMEMT,1727_REC_RCoPoE_DispensatoryOfTheRoyalCollegeOfPhysiciansInEdinburgh.xml,12997,2345,60,24,0
661,03_LMEMT,1728_REC_Smith_TheCompleatHousewife.xml,12198,1664,47,33,0
662,03_LMEMT,1736_REC_Anonymous_TheCompleteFamily-Piece.xml,12179,2072,43,36,0
663,03_LMEMT,1741_REC_Gaubius_ACompleteExtemporaneousDispensatory.xml,12405,2287,40,13,0
664,03_LMEMT,1747_REC_Wesley_PrimitivePhysick.xml,12970,2433,193,135,0
665,03_LMEMT,1758_REC_Dossie_TheElaboratoryLaidOpen.xml,11891,1652,4,8,0
666,03_LMEMT,1761_REC_Smith_TheFamilyPhysician.xml,9672,1746,8,3,0
667,03_LMEMT,1764_REC_Theobald_EveryManHisOwnPhysician.xml,13627,2564,32,44,0
668,03_LMEMT,1788_REC_Cole_TheLadysCompleteGuide.xml,12091,2148,0,1,0
669,03_LMEMT,1789_REC_Cullen_ATreatiseOfTheMateriaMedica.xml,11188,1548,4,3,0
670,03_LMEMT,1795_REC_Randall_MedicalObservations.xml,4270,1200,27,5,0
671,03_LMEMT,1795_REC_Taylor_MrsTaylor'sFamilyCompanion.xml,4208,1001,0,17,0
672,03_LMEMT,1702_PUB_Anonymous_TheNecessityAndUsefulnessOfTheDispensaries.xml,8577,1701,6,6,0
673,03_LMEMT,1704_PUB_Apothecary_ReasonsWhyTheApothecaryMayBeSuppos'dToUnderstandTheAdministrationOfMedicines.xml,2979,965,0,0,0
674,03_LMEMT,1707_PUB_Anonymous_DeplorableStateOfTheSick.xml,13016,2869,8,6,0
675,03_LMEMT,1712_PUB_Guybon_AnEssayConcerningTheGrowthOfEmpiricism.xml,13203,2571,37,18,0
676,03_LMEMT,1715_PUB_Parker_AnEssayUponTheDutyOfPhysiciansAndPatients.xml,13018,3104,11,4,0
677,03_LMEMT,1718_PUB_LondonPhysician_TheModernQuackOrThePhysicalImpostorDetected.xml,11953,2672,2,3,0
678,03_LMEMT,1727_PUB_Anonymous_AnEssayForReformingTheModernWayOfPractisingMedicineInEdinburgh.xml,7582,1577,1,0,0
679,03_LMEMT,1733_PUB_Hales_FriendlyAdmonitionToTheDrinkersOfBrandy.xml,5080,1362,3,6,0
680,03_LMEMT,1741_PUB_Lucas_Pharmacomasti.xml,12344,3042,12,7,0
681,03_LMEMT,1741_PUB_Philanthropos_MrWard'sPracticeOfPhysick.xml,3058,1000,0,0,0
682,03_LMEMT,1742_PUB_LondonHospital_AnAccountOfTheRiseProgressAndStateOfTheLondonInfirmary.xml,2713,992,12,5,0
683,03_LMEMT,1745_PUB_Barbers'Company_TheCaseOfTheBarbersOfLondon.xml,1337,477,1,0,0
684,03_LMEMT,1745_PUB_RCoSoE_TheCaseOfTheSurgeonsOfLondon.xml,1200,378,1,0,0
685,03_LMEMT,1752_PUB_Pringle_ObservationsOnTheDiseasesOfTheArmy.xml,12186,2050,18,5,0
686,03_LMEMT,1759_PUB_Anonymous_ConsiderationsOnTheBillOfRegisters.xml,7594,1857,16,4,0
687,03_LMEMT,1768_PUB_Anonymous_AnimadversionsONTheConstitutionOfPhysick.xml,10577,2313,26,1,0
688,03_LMEMT,1771_PUB_Aikin_ThoughtsOnHospitals.xml,11607,2408,0,0,0
689,03_LMEMT,1772_PUB_Bromehead_AmnOrationOnTheUtilityOfPublicInfirmaries.xml,4071,1362,0,0,0
690,03_LMEMT,1772_PUB_Layard_DirectionsToPreventTheContagionOfTheJailDistemper.xml,5360,1480,0,1,0
691,03_LMEMT,1773_PUB_Spilsbury_TheFriendlyPhysician.xml,9992,2194,2,20,0
692,03_LMEMT,1782_PUB_Howlett_ObservationsOnTheIncreasedPopulationHealthinessOfTheTownOfMaidstone.xml,4849,1435,60,4,0
693,03_LMEMT,1783_PUB_Bowen_AnHistoricalAccountOfTheOriginProgressAndPresentStateOfBethlemHospital.xml,5517,1526,13,2,0
694,03_LMEMT,1784_PUB_Borthwick_TheMethodOfPreventingAndRemovingTheCausesOfInfectiousDiseases.xml,7923,1816,2,36,0
695,03_LMEMT,1785_PUB_Spilsbury_ThePowerOfGoldDisplayed.xml,6342,1821,0,0,0
696,03_LMEMT,1788_PUB_Anonymous_ALetterFromASubscriberToTheYorkLunaticAsylum.xml,6321,1394,11,0,0
697,03_LMEMT,1789_PUB_Black_AnArithmeticalAndMedicalAnalysisOfTheDiseasesAndMortalityOfTheHumanSpecies.xml,12155,2606,46,2,0
698,03_LMEMT,1790_PUB_Anonymous_RoyalHumaneSocietyInstituted1774.xml,8086,2226,3,4,0
699,03_LMEMT,1798_PUB_Stanger_AJustificationOfTheRightOfEveryWellEducatedPhysician.xml,12070,2314,1,3,0
700,03_LMEMT,1800_PUB_Bell_ObservationsOnTheModeOfAttendanceOfTheSurgeonsOfEdinburgh.xml,7900,1275,0,0,0
701,03_LMEMT,1800_PUB_Lind_SketchForAMedicalEducation.xml,995,414,1,3,0
702,03_LMEMT,1702_RGM_Cornaro_SureAndCertainMethodsOfAttainingLongAndHealthfulLife.xml,11658,2404,1,1,0
703,03_LMEMT,1717_RGM_Byfield_DirectionsTendingToHealthAndLongLife.xml,7243,2023,9,2,0
704,03_LMEMT,1724_RGM_Cheyne_AnEssayOfHealthAndLongLife.xml,13833,2927,9,3,0
705,03_LMEMT,1732_RGM_Arbuthnot_PracticalRulesOfDietInTheVariousConstitutionsAndDiseasesOfHumanBodies.xml,13683,2403,8,2,0
706,03_LMEMT,1740_RGM_Cheyne_AnEssayOnRegimen.xml,12868,2567,11,1,0
707,03_LMEMT,1750_RGM_Hill_TheOldMan'sGuideToHealthAndLongerLife.xml,11283,2012,1,14,0
708,03_LMEMT,1757_RGM_Robinson_ATreatiseVirtuesAndEfficacyOfACrustOfBread.xml,13468,2219,7,11,0
709,03_LMEMT,1775_RGM_Lettsom_OfTheImprovementOfMedicineInLondon.xml,8933,2200,7,8,0
710,03_LMEMT,1775_RGM_Trusler_AnEasyWayToProlongLife.xml,12690,1942,2,1,0
711,03_LMEMT,1778_RGM_Falconer_ObservationsOnSomeOfTheArticlesOfDietAndRegimen.xml,9571,2045,10,5,0
712,03_LMEMT,1780_RGM_Trusler_AnEasyWayToProlongLifeByALittleAttentionToOurMannerOfLiving.xml,9707,2143,6,2,0
713,03_LMEMT,1785_RGM_Anonymous_BillOfHealth.xml,1896,683,0,0,0
714,03_LMEMT,1785_RGM_Harper_TheOeconomyOfHealthOrAMedicalEssay.xml,13543,3075,2,0,0
715,03_LMEMT,1791_RGM_Lettsom_HistoryOfSomeEffectsOfHardDrinking.xml,3739,1252,3,0,0
716,03_LMEMT,1797_RGM_Garnett_ALectureOnThePreservationOfHealth.xml,12828,2291,4,0,0
717,03_LMEMT,1747_SC-PER_EMJ1_Vol1_0069-0077.xml,3069,860,6,2,0
718,03_LMEMT,1747_SC-PER_EMJ1_Vol1_0185-0187.xml,825,381,3,1,0
719,03_LMEMT,1747_SC-PER_EMJ1_Vol1_0266-0269.xml,1086,412,5,0,0
720,03_LMEMT,1747_SC-PER_EMJ1_Vol1_0269-0270.xml,257,149,1,0,0
721,03_LMEMT,1747_SC-PER_EMJ1_Vol1_0275-0287.xml,3500,1179,20,4,0
722,03_LMEMT,1747_SC-PER_EMJ1_Vol2_0026-0033.xml,2178,691,10,2,0
723,03_LMEMT,1747_SC-PER_EMJ1_Vol2_0043-0057.xml,4422,1249,1,2,0
724,03_LMEMT,1747_SC-PER_EMJ1_Vol2_0096-0101.xml,1869,704,5,1,0
725,03_LMEMT,1747_SC-PER_EMJ1_Vol2_0243-0249.xml,1637,561,5,6,0
726,03_LMEMT,1747_SC-PER_EMJ1_Vol3_0030-0032.xml,741,335,2,1,0
727,03_LMEMT,1747_SC-PER_EMJ1_Vol3_0220-0222.xml,648,284,2,4,0
728,03_LMEMT,1747_SC-PER_EMJ1_Vol3_0276-0280.xml,1343,522,3,1,0
729,03_LMEMT,1747_SC-PER_EMJ1_Vol3_0280-0283.xml,925,416,2,0,0
730,03_LMEMT,1747_SC-PER_EMJ1_Vol4_0029-0031.xml,690,319,0,1,0
731,03_LMEMT,1747_SC-PER_EMJ1_Vol4_0041-0042.xml,411,219,2,1,0
732,03_LMEMT,1747_SC-PER_EMJ1_Vol4_0236-0238.xml,645,306,2,0,0
733,03_LMEMT,1747_SC-PER_EMJ1_Vol4_0242-0244.xml,641,292,1,1,0
734,03_LMEMT,1747_SC-PER_EMJ1_Vol5_0075-0077.xml,642,301,2,0,0
735,03_LMEMT,1747_SC-PER_EMJ1_Vol5_0328-0329.xml,613,290,1,1,0
736,03_LMEMT,1747_SC-PER_EMJ1_Vol5_0331-0335.xml,1191,437,0,2,0
737,03_LMEMT,1747_SC-PER_EMJ1_Vol5_0351-0354.xml,955,428,3,1,0
738,03_LMEMT,1747_SC-PER_EMJ1_Vol6_0019-0027.xml,2770,902,9,7,0
739,03_LMEMT,1747_SC-PER_EMJ1_Vol6_0097-0103.xml,1986,642,1,0,0
740,03_LMEMT,1747_SC-PER_EMJ1_Vol6_0140-0145.xml,1632,557,2,0,0
741,03_LMEMT,1747_SC-PER_EMJ1_Vol6_0155-0156.xml,340,182,1,1,0
742,03_LMEMT,1754_SC-PER_EMJ2_Vol1_0396-0402.xml,1464,523,0,4,0
743,03_LMEMT,1754_SC-PER_EMJ2_Vol1_0436-0446.xml,2465,678,4,2,0
744,03_LMEMT,1756_SC-PER_EMJ2_Vol2_0254-0256.xml,607,283,0,1,0
745,03_LMEMT,1756_SC-PER_EMJ2_Vol2_0317-0323.xml,1606,638,0,0,0
746,03_LMEMT,1756_SC-PER_EMJ2_Vol2_0338-0341.xml,758,347,3,1,0
747,03_LMEMT,1756_SC-PER_EMJ2_Vol2_0368-0369.xml,250,147,0,1,0
748,03_LMEMT,1771_SC-PER_EMJ2_Vol3_0466-0470.xml,814,337,0,0,0
749,03_LMEMT,1771_SC-PER_EMJ2_Vol3_0502-0504.xml,532,276,3,1,0
750,03_LMEMT,1771_SC-PER_EMJ2_Vol3_0551-0556.xml,1090,420,0,1,0
751,03_LMEMT,1773_SC-PER_EMJ3_Vol1_0045-0051.xml,1519,484,1,1,0
752,03_LMEMT,1773_SC-PER_EMJ3_Vol1_0059-0062.xml,966,369,0,1,0
753,03_LMEMT,1773_SC-PER_EMJ3_Vol1_0161-0165.xml,957,371,0,0,0
754,03_LMEMT,1773_SC-PER_EMJ3_Vol1_0368-0369.xml,361,197,0,1,0
755,03_LMEMT,1773_SC-PER_EMJ3_Vol1_0387-0397.xml,2514,837,0,1,0
756,03_LMEMT,1773_SC-PER_EMJ3_Vol1_0405-0409.xml,1022,403,0,0,0
757,03_LMEMT,1774_SC-PER_EMJ3_Vol2_0031-0033.xml,705,316,0,1,0
758,03_LMEMT,1774_SC-PER_EMJ3_Vol2_0072-0077.xml,1223,489,0,0,0
759,03_LMEMT,1774_SC-PER_EMJ3_Vol2_0077-0079.xml,525,275,1,1,0
760,03_LMEMT,1774_SC-PER_EMJ3_Vol2_0284-0288.xml,913,393,1,1,0
761,03_LMEMT,1774_SC-PER_EMJ3_Vol2_0289-0293.xml,1037,383,0,0,0
762,03_LMEMT,1774_SC-PER_EMJ3_Vol2_0300-0302.xml,573,274,2,1,0
763,03_LMEMT,1774_SC-PER_EMJ3_Vol2_0395-0398.xml,713,308,1,1,0
764,03_LMEMT,1775_SC-PER_EMJ3_Vol3_0015-0017.xml,701,319,0,1,0
765,03_LMEMT,1775_SC-PER_EMJ3_Vol3_0072-0080.xml,1877,700,0,0,0
766,03_LMEMT,1775_SC-PER_EMJ3_Vol3_0180-0182.xml,541,278,1,0,0
767,03_LMEMT,1775_SC-PER_EMJ3_Vol3_0351-0358.xml,1630,520,0,1,0
768,03_LMEMT,1775_SC-PER_EMJ3_Vol3_0358-0363.xml,1289,433,1,1,0
769,03_LMEMT,1775_SC-PER_EMJ3_Vol3_0424-0429.xml,1147,382,0,0,0
770,03_LMEMT,1776_SC-PER_EMJ3_Vol4_0075-0081.xml,1723,522,1,1,0
771,03_LMEMT,1776_SC-PER_EMJ3_Vol4_0203-0210.xml,1637,581,1,0,0
772,03_LMEMT,1776_SC-PER_EMJ3_Vol4_0326-0331.xml,1397,557,1,0,0
773,03_LMEMT,1776_SC-PER_EMJ3_Vol4_0334-0335.xml,188,118,0,1,0
774,03_LMEMT,1776_SC-PER_EMJ3_Vol4_0335-0341.xml,1639,528,0,3,0
775,03_LMEMT,1776_SC-PER_EMJ3_Vol4_0391-0395.xml,939,403,0,1,0
776,03_LMEMT,1777_SC-PER_EMJ3_Vol5_0062-0070.xml,1604,685,2,1,0
777,03_LMEMT,1777_SC-PER_EMJ3_Vol5_0075-0078.xml,652,306,0,0,0
778,03_LMEMT,1777_SC-PER_EMJ3_Vol5_0084-0091.xml,1637,611,2,2,0
779,03_LMEMT,1777_SC-PER_EMJ3_Vol5_0254-0257.xml,749,313,0,1,0
780,03_LMEMT,1777_SC-PER_EMJ3_Vol5_0260-0268.xml,1943,670,0,0,0
781,03_LMEMT,1777_SC-PER_EMJ3_Vol5_0407-0414.xml,1759,655,1,1,0
782,03_LMEMT,1779_SC-PER_EMJ3_Vol6_0079-0084.xml,1394,536,8,1,0
783,03_LMEMT,1779_SC-PER_EMJ3_Vol6_0217-0218.xml,412,202,3,0,0
784,03_LMEMT,1779_SC-PER_EMJ3_Vol6_0258-0262.xml,1014,374,0,1,0
785,03_LMEMT,1779_SC-PER_EMJ3_Vol6_0267-0279.xml,2569,841,2,1,0
786,03_LMEMT,1779_SC-PER_EMJ3_Vol6_0346-0356.xml,2227,898,3,4,0
787,03_LMEMT,1779_SC-PER_EMJ3_Vol6_0367-0375.xml,1779,551,3,6,0
788,03_LMEMT,1780_SC-PER_EMJ3_Vol7_0026-0035.xml,1977,733,3,2,0
789,03_LMEMT,1780_SC-PER_EMJ3_Vol7_0062-0066.xml,940,391,1,0,0
790,03_LMEMT,1780_SC-PER_EMJ3_Vol7_0333-0337.xml,1045,431,1,0,0
791,03_LMEMT,1780_SC-PER_EMJ3_Vol7_0349-0359.xml,2541,721,10,1,0
792,03_LMEMT,1781-1782_SC-PER_EMJ3_Vol8_0016-0025.xml,1964,575,9,12,0
793,03_LMEMT,1781-1782_SC-PER_EMJ3_Vol8_0075-0083.xml,1927,669,3,0,0
794,03_LMEMT,1781-1782_SC-PER_EMJ3_Vol8_0090-0094.xml,1041,443,1,1,0
795,03_LMEMT,1781-1782_SC-PER_EMJ3_Vol8_0329-0332.xml,785,358,1,1,0
796,03_LMEMT,1783-1784_SC-PER_EMJ3_Vol9_0078-0083.xml,1306,519,4,0,0
797,03_LMEMT,1783-1784_SC-PER_EMJ3_Vol9_0374-0379.xml,1325,514,6,1,0
798,03_LMEMT,1785_SC-PER_EMJ3_Vol10_0102-0107.xml,1269,508,5,0,0
799,03_LMEMT,1785_SC-PER_EMJ3_Vol10_0115-0122.xml,1630,551,3,1,0
800,03_LMEMT,1785_SC-PER_EMJ3_Vol10_0160-0164.xml,910,367,1,1,0
801,03_LMEMT,1787_SC-PER_EMJ3_Vol11_0176-0182.xml,1470,512,0,2,0
802,03_LMEMT,1787_SC-PER_EMJ3_Vol11_0295-0298.xml,593,292,1,0,0
803,03_LMEMT,1787_SC-PER_EMJ3_Vol11_0298-0302.xml,831,364,1,2,0
804,03_LMEMT,1788_SC-PER_EMJ3_Vol12_0322-0324.xml,501,258,1,1,0
805,03_LMEMT,1788_SC-PER_EMJ3_Vol12_0366-0369.xml,831,346,1,1,0
806,03_LMEMT,1788_SC-PER_EMJ3_Vol12_0370-0374.xml,934,410,0,1,0
807,03_LMEMT,1789_SC-PER_EMJ3_Vol13_0086-0089.xml,824,326,0,0,0
808,03_LMEMT,1789_SC-PER_EMJ3_Vol13_0096-0103.xml,1744,613,1,1,0
809,03_LMEMT,1789_SC-PER_EMJ3_Vol13_0313-0319.xml,1474,588,7,0,0
810,03_LMEMT,1790_SC-PER_EMJ3_Vol14_0037-0042.xml,1142,450,8,1,0
811,03_LMEMT,1790_SC-PER_EMJ3_Vol14_0261-0270.xml,2061,747,0,0,0
812,03_LMEMT,1790_SC-PER_EMJ3_Vol14_0302-0306.xml,1002,414,1,1,0
813,03_LMEMT,1791_SC-PER_EMJ3_Vol15_0054-0062.xml,1850,694,8,1,0
814,03_LMEMT,1791_SC-PER_EMJ3_Vol15_0150-0156.xml,1384,464,25,2,0
815,03_LMEMT,1791_SC-PER_EMJ3_Vol15_0391-0398.xml,1446,538,4,5,0
816,03_LMEMT,1792_SC-PER_EMJ3_Vol16_0190-0202.xml,2848,881,3,1,0
817,03_LMEMT,1792_SC-PER_EMJ3_Vol16_0213-0216.xml,662,302,0,2,0
818,03_LMEMT,1792_SC-PER_EMJ3_Vol16_0342-0345.xml,667,327,5,2,0
819,03_LMEMT,1793_SC-PER_EMJ3_Vol17_0473-0480.xml,1718,649,3,3,0
820,03_LMEMT,1793_SC-PER_EMJ3_Vol17_0490-0494.xml,935,386,4,0,0
821,03_LMEMT,1794_SC-PER_EMJ3_Vol18_0120-0127.xml,1677,630,8,2,0
822,03_LMEMT,1794_SC-PER_EMJ3_Vol18_0294-0300.xml,1391,505,0,1,0
823,03_LMEMT,1794_SC-PER_EMJ3_Vol18_0342-0347.xml,1252,506,0,1,0
824,03_LMEMT,1794_SC-PER_EMJ3_Vol18_0382-0386.xml,1094,391,2,0,0
825,03_LMEMT,1795b_SC-PER_EMJ3_Vol20_0289-0297.xml,1881,617,10,0,0
826,03_LMEMT,1795_SC-PER_EMJ3_Vol19_0265-0270.xml,1336,497,0,2,0
827,03_LMEMT,1795_SC-PER_EMJ3_Vol19_0313-0318.xml,1292,506,0,1,0
828,03_LMEMT,1795_SC-PER_EMJ3_Vol19_0341-0343.xml,519,235,1,1,0
829,03_LMEMT,1796_SC-PER_EMJ4_Vol1_0041-0043.xml,537,292,0,1,0
830,03_LMEMT,1796_SC-PER_EMJ4_Vol1_0073-0080.xml,1723,633,2,1,0
831,03_LMEMT,1796_SC-PER_EMJ4_Vol1_0310-0317.xml,1621,601,5,1,0
832,03_LMEMT,1796_SC-PER_EMJ4_Vol1_0371-0372.xml,384,192,1,0,0
833,03_LMEMT,1700-1701_SC-PER_PT_Vol22_0598-0599.xml,226,144,0,0,0
834,03_LMEMT,1700-1701_SC-PER_PT_Vol22_0688-0689.xml,377,186,0,1,0
835,03_LMEMT,1700-1701_SC-PER_PT_Vol22_0752-0755.xml,1289,411,1,6,0
836,03_LMEMT,1700-1701_SC-PER_PT_Vol22_0756-0758.xml,862,341,2,0,0
837,03_LMEMT,1700-1701_SC-PER_PT_Vol22_0797-0798.xml,862,373,0,5,0
838,03_LMEMT,1700-1701_SC-PER_PT_Vol22_0864-0866.xml,911,386,5,0,0
839,03_LMEMT,1700-1701_SC-PER_PT_Vol22_0897-0898.xml,472,235,4,0,0
840,03_LMEMT,1702-1703_SC-PER_PT_Vol23_1244-1246.xml,703,311,3,0,0
841,03_LMEMT,1702-1703_SC-PER_PT_Vol23_1279-1283.xml,1701,702,8,1,0
842,03_LMEMT,1704-1705_SC-PER_PT_Vol24_1562-1564.xml,1246,483,4,0,0
843,03_LMEMT,1704-1705_SC-PER_PT_Vol24_1595-1596.xml,540,268,3,0,0
844,03_LMEMT,1704-1705_SC-PER_PT_Vol24_1977-1978.xml,362,195,0,1,0
845,03_LMEMT,1704-1705_SC-PER_PT_Vol24_2009-2011.xml,922,370,3,1,0
846,03_LMEMT,1704-1705_SC-PER_PT_Vol24_2164.xml,342,188,2,1,0
847,03_LMEMT,1704-1705_SC-PER_PT_Vol24_2177-2182.xml,2359,643,2,0,0
848,03_LMEMT,1706-1707_SC-PER_PT_Vol25_2214-2219.xml,1717,608,13,0,0
849,03_LMEMT,1706-1707_SC-PER_PT_Vol25_2233-2236.xml,1173,466,1,1,0
850,03_LMEMT,1706-1707_SC-PER_PT_Vol25_2317-2327.xml,3552,1025,20,11,0
851,03_LMEMT,1706-1707_SC-PER_PT_Vol25_2387-2392.xml,2166,788,4,0,0
852,03_LMEMT,1706-1707_SC-PER_PT_Vol25_2414-2415.xml,699,316,0,1,0
853,03_LMEMT,1708-1709_SC-PER_PT_Vol26_0420-0423.xml,1267,526,3,1,0
854,03_LMEMT,1708-1709_SC-PER_PT_Vol26_0433-0438.xml,1983,673,2,0,0
855,03_LMEMT,1710-1711_SC-PER_PT_Vol27_0028-0032.xml,1426,533,2,0,0
856,03_LMEMT,1712-1713_SC-PER_PT_Vol27_0536-0537.xml,480,249,2,1,0
857,03_LMEMT,1712-1713_SC-PER_PT_Vol28_0165-0166.xml,618,253,3,2,0
858,03_LMEMT,1712-1713_SC-PER_PT_Vol28_0236-0237.xml,351,194,2,1,0
859,03_LMEMT,1712-1713_SC-PER_PT_Vol28_0279-0281.xml,607,253,2,2,0
860,03_LMEMT,1712-1713_SC-PER_PT_Vol28_0281-0282.xml,445,216,4,1,0
861,03_LMEMT,1714-1716_SC-PER_PT_Vol29_0326-0329.xml,1177,490,5,1,0
862,03_LMEMT,1714-1716_SC-PER_PT_Vol29_0499-0502.xml,897,424,4,1,0
863,03_LMEMT,1717-1719_SC-PER_PT_Vol30_0631-0632.xml,595,275,0,0,0
864,03_LMEMT,1717-1719_SC-PER_PT_Vol30_1000-1014.xml,4958,1110,15,10,0
865,03_LMEMT,1720-1721_SC-PER_PT_Vol31_0044-0046.xml,957,502,5,0,0
866,03_LMEMT,1720-1721_SC-PER_PT_Vol31_0098-0102.xml,1487,557,10,1,0
867,03_LMEMT,1722-1723_SC-PER_PT_Vol32_0213-0227.xml,4335,983,17,1,0
868,03_LMEMT,1722-1723_SC-PER_PT_Vol32_0326.xml,181,106,0,1,0
869,03_LMEMT,1722-1723_SC-PER_PT_Vol32_0387-0390.xml,1045,419,8,7,0
870,03_LMEMT,1722-1723_SC-PER_PT_Vol32_0433-0434.xml,570,283,7,2,0
871,03_LMEMT,1724-1725_SC-PER_PT_Vol33_0008-0015.xml,2802,979,10,1,0
872,03_LMEMT,1724-1725_SC-PER_PT_Vol33_0089-0092.xml,1380,481,2,1,0
873,03_LMEMT,1724-1725_SC-PER_PT_Vol33_0108-0114.xml,2336,720,0,4,0
874,03_LMEMT,1724-1725_SC-PER_PT_Vol33_0129-0132.xml,1155,421,0,1,0
875,03_LMEMT,1724-1725_SC-PER_PT_Vol33_0340-0342.xml,1434,477,2,0,0
876,03_LMEMT,1726-1727_SC-PER_PT_Vol34_0118-0121.xml,1190,520,1,0,0
877,03_LMEMT,1726-1727_SC-PER_PT_Vol34_0211-0212.xml,436,238,3,3,0
878,03_LMEMT,1727-1728_SC-PER_PT_Vol35_0309-0315.xml,2424,612,4,1,0
879,03_LMEMT,1727-1728_SC-PER_PT_Vol35_0318-0322.xml,1670,641,7,2,0
880,03_LMEMT,1727-1728_SC-PER_PT_Vol35_0347-0351.xml,1280,468,0,4,0
881,03_LMEMT,1727-1728_SC-PER_PT_Vol35_0413-0414.xml,486,237,1,1,0
882,03_LMEMT,1727-1728_SC-PER_PT_Vol35_0436-0440.xml,1372,480,4,1,0
883,03_LMEMT,1729-1730_SC-PER_PT_Vol36_0152-0158.xml,1931,614,2,0,0
884,03_LMEMT,1729-1730_SC-PER_PT_Vol36_0341-0363.xml,7419,1491,18,23,0
885,03_LMEMT,1731-1732_SC-PER_PT_Vol37_0084-0100.xml,5074,1136,5,10,0
886,03_LMEMT,1731-1732_SC-PER_PT_Vol37_0123-0125.xml,546,266,4,1,0
887,03_LMEMT,1731-1732_SC-PER_PT_Vol37_0163-0173.xml,3474,872,9,2,0
888,03_LMEMT,1731-1732_SC-PER_PT_Vol37_0184.xml,229,138,1,0,0
889,03_LMEMT,1731-1732_SC-PER_PT_Vol37_0195-0198.xml,969,399,5,3,0
890,03_LMEMT,1731-1732_SC-PER_PT_Vol37_0258-0260.xml,558,251,3,6,0
891,03_LMEMT,1731-1732_SC-PER_PT_Vol37_0279-0284.xml,1641,505,6,1,0
892,03_LMEMT,1731-1732_SC-PER_PT_Vol37_0385-0393.xml,2654,818,4,1,0
893,03_LMEMT,1733-1734_SC-PER_PT_Vol38_0121-0126.xml,1852,583,4,1,0
894,03_LMEMT,1735-1736_SC-PER_PT_Vol39_0049-0053.xml,1430,478,10,1,0
895,03_LMEMT,1735-1736_SC-PER_PT_Vol39_0287-0288.xml,436,203,0,1,0
896,03_LMEMT,1735-1736_SC-PER_PT_Vol39_0291-0294.xml,815,342,1,0,0
897,03_LMEMT,1735-1736_SC-PER_PT_Vol39_0312.xml,236,133,1,0,0
898,03_LMEMT,1735-1736_SC-PER_PT_Vol39_0329-0342.xml,4458,1091,28,5,0
899,03_LMEMT,1737-1738_SC-PER_PT_Vol40_0139-0142.xml,1229,489,2,1,0
900,03_LMEMT,1737-1738_SC-PER_PT_Vol40_0274-0276.xml,729,280,5,1,0
901,03_LMEMT,1737-1738_SC-PER_PT_Vol40_0317-0325.xml,2527,768,2,4,0
902,03_LMEMT,1739-1741_SC-PER_PT_Vol41_0137-0138.xml,373,198,2,1,0
903,03_LMEMT,1739-1741_SC-PER_PT_Vol41_0294-0307.xml,4334,1146,6,1,0
904,03_LMEMT,1739-1741_SC-PER_PT_Vol41_0349-0350.xml,351,166,3,0,0
905,03_LMEMT,1739-1741_SC-PER_PT_Vol41_0365-0367.xml,963,405,2,1,0
906,03_LMEMT,1739-1741_SC-PER_PT_Vol41_0562-0568.xml,1750,584,2,4,0
907,03_LMEMT,1739-1741_SC-PER_PT_Vol41_0623-0624.xml,613,263,1,1,0
908,03_LMEMT,1739-1741_SC-PER_PT_Vol41_0640-0645.xml,1655,623,7,1,0
909,03_LMEMT,1739-1741_SC-PER_PT_Vol41_0667-0672.xml,1669,620,5,1,0
910,03_LMEMT,1739-1741_SC-PER_PT_Vol41_0681-0686.xml,1367,416,3,3,0
911,03_LMEMT,1739-1741_SC-PER_PT_Vol41_0699-0705.xml,1902,626,2,1,0
912,03_LMEMT,1739-1741_SC-PER_PT_Vol41_0769-0770.xml,318,186,3,0,0
913,03_LMEMT,1739-1741_SC-PER_PT_Vol41_0776-0778.xml,705,311,4,1,0
914,03_LMEMT,1739-1741_SC-PER_PT_Vol41_0814-0819.xml,1778,619,4,2,0
915,03_LMEMT,1739-1741_SC-PER_PT_Vol41_0844-0847.xml,979,334,1,7,0
916,03_LMEMT,1742-1743_SC-PER_PT_Vol42_0002-0010.xml,2739,879,2,2,0
917,03_LMEMT,1742-1743_SC-PER_PT_Vol42_0011-0014.xml,882,359,10,2,0
918,03_LMEMT,1742-1743_SC-PER_PT_Vol42_0054-0056.xml,726,353,1,1,0
919,03_LMEMT,1742-1743_SC-PER_PT_Vol42_0099-0111.xml,4307,1242,18,3,0
920,03_LMEMT,1742-1743_SC-PER_PT_Vol42_0143-0152.xml,2999,883,4,2,0
921,03_LMEMT,1742-1743_SC-PER_PT_Vol42_0628-0633.xml,1844,673,29,0,0
922,03_LMEMT,1744_SC-PER_PT_Vol43_0012-0019.xml,2427,835,5,4,0
923,03_LMEMT,1744_SC-PER_PT_Vol43_0020-0021.xml,412,190,3,1,0
924,03_LMEMT,1744_SC-PER_PT_Vol43_0047-0048.xml,398,229,0,1,0
925,03_LMEMT,1744_SC-PER_PT_Vol43_0275-0281.xml,2004,727,2,0,0
926,03_LMEMT,1744_SC-PER_PT_Vol43_0447-0465.xml,6009,1607,14,8,0
927,03_LMEMT,1746_SC-PER_PT_Vol44_0036-0040.xml,1621,426,10,1,0
928,03_LMEMT,1746_SC-PER_PT_Vol44_0175-0184.xml,3075,829,9,2,0
929,03_LMEMT,1746_SC-PER_PT_Vol44_0193-0211.xml,5950,1168,6,12,0
930,03_LMEMT,1746_SC-PER_PT_Vol44_0337-0343.xml,1920,675,3,7,0
931,03_LMEMT,1746_SC-PER_PT_Vol44_0617-0621.xml,1291,496,8,0,0
932,03_LMEMT,1748_SC-PER_PT_Vol45_0131-0137.xml,1992,731,4,0,0
933,03_LMEMT,1748_SC-PER_PT_Vol45_0325-0327.xml,683,324,2,0,0
934,03_LMEMT,1748_SC-PER_PT_Vol45_0411-0415.xml,1239,503,6,1,0
935,03_LMEMT,1749_SC-PER_PT_Vol46_0024-0029.xml,1912,604,0,7,0
936,03_LMEMT,1749_SC-PER_PT_Vol46_0072-0086.xml,4758,1303,11,13,0
937,03_LMEMT,1749_SC-PER_PT_Vol46_0446-0451.xml,1671,574,5,1,0
938,03_LMEMT,1751_SC-PER_PT_Vol47_0092-0095.xml,779,352,4,1,0
939,03_LMEMT,1751_SC-PER_PT_Vol47_0194-0197.xml,1046,445,0,1,0
940,03_LMEMT,1751_SC-PER_PT_Vol47_0292-0301.xml,2846,822,6,13,0
941,03_LMEMT,1751_SC-PER_PT_Vol47_0345-0351.xml,1957,642,4,14,0
942,03_LMEMT,1751_SC-PER_PT_Vol47_0514-0516.xml,957,385,4,0,0
943,03_LMEMT,1753_SC-PER_PT_Vol48_0161-0163.xml,600,273,1,1,0
944,03_LMEMT,1753_SC-PER_PT_Vol48_0297-0301.xml,1368,558,6,1,0
945,03_LMEMT,1755_SC-PER_PT_Vol49_0018-0021.xml,919,373,0,1,0
946,03_LMEMT,1755_SC-PER_PT_Vol49_0021-0024.xml,926,385,4,0,0
947,03_LMEMT,1755_SC-PER_PT_Vol49_0254-0264.xml,3258,945,9,1,0
948,03_LMEMT,1757_SC-PER_PT_Vol50_0019-0022.xml,1245,450,0,1,0
949,03_LMEMT,1757_SC-PER_PT_Vol50_0518-0522.xml,1597,586,0,2,0
950,03_LMEMT,1757_SC-PER_PT_Vol50_0579-0585.xml,1913,636,3,0,0
951,03_LMEMT,1757_SC-PER_PT_Vol50_0695-0699.xml,1284,452,2,1,0
952,03_LMEMT,1759_SC-PER_PT_Vol51_0194-0200.xml,2012,627,3,1,0
953,03_LMEMT,1759_SC-PER_PT_Vol51_0304-0308.xml,1294,494,8,2,0
954,03_LMEMT,1759_SC-PER_PT_Vol51_0662-0669.xml,2331,831,2,2,0
955,03_LMEMT,1761_SC-PER_PT_Vol52_0143-0145.xml,729,318,1,1,0
956,03_LMEMT,1761_SC-PER_PT_Vol52_0265-0275.xml,3096,791,2,1,0
957,03_LMEMT,1761_SC-PER_PT_Vol52_0477-0478.xml,501,245,2,0,0
958,03_LMEMT,1761_SC-PER_PT_Vol52_0529-0533.xml,1406,517,1,0,0
959,03_LMEMT,1763_SC-PER_PT_Vol53_0195-0200.xml,1860,632,3,2,0
960,03_LMEMT,1764_SC-PER_PT_Vol54_0061-0064.xml,1205,427,0,1,0
961,03_LMEMT,1765_SC-PER_PT_Vol55_0139-0142.xml,1014,369,1,0,0
962,03_LMEMT,1766_SC-PER_PT_Vol56_0092-0095.xml,958,445,5,1,0
963,03_LMEMT,1767_SC-PER_PT_Vol57_0001-0020.xml,5783,1268,13,4,0
964,03_LMEMT,1769_SC-PER_PT_Vol59_0039-0046.xml,2441,818,11,5,0
965,03_LMEMT,1769_SC-PER_PT_Vol59_0281-0283.xml,750,339,1,2,0
966,03_LMEMT,1770_SC-PER_PT_Vol60_0451-0453.xml,963,405,0,1,0
967,03_LMEMT,1774_SC-PER_PT_Vol64_0096-0098.xml,913,356,11,1,0
968,03_LMEMT,1775_SC-PER_PT_Vol65_0311-0321.xml,3397,1135,24,8,0
969,03_LMEMT,1776_SC-PER_PT_Vol66_0226-0248.xml,7378,1349,23,11,0
970,03_LMEMT,1776_SC-PER_PT_Vol66_0439-0446.xml,2412,789,0,1,0
971,03_LMEMT,1776_SC-PER_PT_Vol66_0578-0586.xml,2708,820,6,1,0
972,03_LMEMT,1778_SC-PER_PT_Vol68_0086-0096.xml,2844,761,0,1,0
973,03_LMEMT,1779_SC-PER_PT_Vol69_0325-0331.xml,1661,583,0,1,0
974,03_LMEMT,1781_SC-PER_PT_Vol71_0372-0373.xml,522,246,0,1,0
975,03_LMEMT,1787_SC-PER_PT_Vol77_0233-0239.xml,1894,552,13,0,0
976,03_LMEMT,1788_SC-PER_PT_Vol78_0350-0363.xml,4401,1027,10,0,0
977,03_LMEMT,1790_SC-PER_PT_Vol80_0296-0305.xml,3082,884,3,2,0
978,03_LMEMT,1795_SC-PER_PT_Vol85_0001-0023.xml,7554,1434,21,0,0
979,03_LMEMT,1796_SC-PER_PT_Vol86_0279-0284.xml,1735,697,44,1,0
980,03_LMEMT,1797_SC-PER_PT_Vol87_0416-0431.xml,5616,1130,4,7,0
981,03_LMEMT,1800_SC-PER_PT_Vol90_0001-0021.xml,6821,1409,7,0,0
982,03_LMEMT,1701_SP-MW_Culpeper_ADirectoryForMidwives.xml,13570,2431,7,19,0
983,03_LMEMT,1703_SP-METH_Hicks_ACompleatTreatiseOfUrines.xml,11587,2072,13,5,0
984,03_LMEMT,1707_SP-DIS_Marten_ATreatiseOfAllTheDegreesAndSymptomsOfTheVenerealDisease.xml,12078,2367,8,0,0
985,03_LMEMT,1712_SP-TH_Anonymous_TheVirtuesAndExcellencyOfTheAmericanTobaccoPlan.xml,1584,634,0,0,0
986,03_LMEMT,1715_SP-METH_Catherwood_ANewMethodOfCuringTheApoplexy.xml,11525,2725,3,0,0
987,03_LMEMT,1716_SP-DIS_M_AShortHistoricaAccountOfTheSeveralKindsOfWormsBreedingInHumanBodies.xml,13289,2834,20,4,0
988,03_LMEMT,1719_SP-TH_Anonymous_AnAccountOfTheVertuesUseDoseAndWonderfulMannerOfOperationOfThePilulaePolychrestae.xml,2971,982,13,1,0
989,03_LMEMT,1719_SP-TH_Colbatch_ADissertationConcerningMisletoe.xml,5816,1430,0,0,0
990,03_LMEMT,1720_SP-DIS_Mead_AShortDiscourseConcerningPestilentialContagion.xml,8855,2006,15,3,0
991,03_LMEMT,1723_SP-METH_Smith_TheCuriositiesOfCommonWater.xml,12093,2108,4,0,0
992,03_LMEMT,1724_SP-DIS_Boulton_SomeThoughtsConcerningTheUnusualQualitiesOfTheAir.xml,8280,1748,0,2,0
993,03_LMEMT,1724_SP-METH_Jurin_AnAccountOfTheSuccessOInoculatingTheSmallPo.xml,10965,2009,47,2,0
994,03_LMEMT,1727_SP-MW_StAndre_AShortNarrativeOfAnExtraordinaryDeliveryOfRabbets.xml,6293,1390,11,4,0
995,03_LMEMT,1736_SP-MW_Douglas_AShortAccountOfTheStateOfMidwiferyInLondon.xml,12557,2003,4,31,0
996,03_LMEMT,1737_SP-MW_Chapman_AReplyToMrDouglass'sShortAccountOfTheStateOfMidwiferyInLondon.xml,12596,2273,9,3,0
997,03_LMEMT,1737_SP-MW_Stone_ACompletePracticeOfMidwifery.xml,12281,1825,1,18,0
998,03_LMEMT,1738_SP-DIS_Anonymous_ATreatiseOfTheGravelAndStone.xml,15079,2741,3,4,0
999,03_LMEMT,1738_SP-TH_Hartley_AnAccountOfTheContributionFOrMakingMrsStephen'sMedicines.xml,4919,1074,1,0,0
1000,03_LMEMT,1743_SP-METH_Boerhaave_AnEssayOnTheVirtueAnEfficientCauseOfMagneticalCures.xml,13031,2439,5,0,0
1001,03_LMEMT,1743_SP-MW_Wintringham_AnEnquiryIntoTheExilityOfTheVessels.xml,6092,1567,7,1,0
1002,03_LMEMT,1744_SP-TH_Berkeley_SirisAChainOfPhilosophicalReflexionsAndInquiries.xml,11877,2462,33,3,0
1003,03_LMEMT,1745_SP-TH_Heberden_Antitheriaka.xml,4943,1431,10,10,0
1004,03_LMEMT,1746_SP-DIS_Dod_SeveralCasesInPhysick.xml,9982,2152,28,2,0
1005,03_LMEMT,1746_SP-METH_Jackson_APhysicalDissertationOnDrowning.xml,12120,2551,7,0,0
1006,03_LMEMT,1750_SP-DIS_Huxham_AnEssayOnFeversAndTheirVariousKinds.xml,12281,2441,36,8,0
1007,03_LMEMT,1750_SP-METH_Ayscough_AShortAccountOfTheNatureAndUseOfSpectacles.xml,3192,771,0,0,0
1008,03_LMEMT,1752_SP-DIS_Tolver_ATreatiseOfTheTeeth.xml,10250,2176,2,0,0
1009,03_LMEMT,1753_SP-DIS_Lind_ATreatiseOfTheScurvy.xml,12141,2497,17,9,0
1010,03_LMEMT,1758_SP-DIS_Battie_ATreatiseOnMadness.xml,11880,2313,30,5,0
1011,03_LMEMT,1759_SP-DIS_Frewen_SomeReasonsGivenAganistAnOpinion.xml,5925,1408,1,0,0
1012,03_LMEMT,1760_SP-METH_Wesley_TheDesideratumOrElectricityMadePlainAndUseful.xml,12544,2127,30,0,0
1013,03_LMEMT,1761_SP-TH_Turner_AnAccountOfTheExtraordinaryMedicinalFluidCalledAether.xml,4893,1217,1,3,0
1014,03_LMEMT,1762_SP-TH_Strck_ANecessarySupplementToTheFormerEssaysOnTheMedicinalVirtuesOfHemlock.xml,8945,1828,3,24,0
1015,03_LMEMT,1763_SP-DIS_Morley_AnEssayOnTheNatureAndCureOfTheKing'sEvil.xml,14066,2697,23,1,0
1016,03_LMEMT,1765_SP-MW_Home_AnInquiryIntoTheNatureCauseAndCureOfTheCroup.xml,12423,2155,22,14,0
1017,03_LMEMT,1766_SP-METH_Anonymous_InoculationMadeEasy.xml,3669,981,0,4,0
1018,03_LMEMT,1767_SP-DIS_Farrer_AShortTreatiseOnOnanism.xml,6104,1730,10,0,0
1019,03_LMEMT,1767_SP-TH_Stern_MedicalAdviceToTheConsumptiveAndAsthmaticPeopleOfEngland.xml,9110,1996,2,0,0
1020,03_LMEMT,1768_SP-METH_Merande_ASuccinctAccountOfAMachineNewlyInvented.xml,5480,1324,18,0,0
1021,03_LMEMT,1770_SP-METH_Bchner_AnEasyAndVeryPracticableMethodToEnableDeafPersonsToHear.xml,12992,2369,9,10,0
1022,03_LMEMT,1770_SP-TH_ArnaudDeRonsil_RemarksOnTheCompsionUseAndEffectsOfTheExtractOfLead.xml,6764,1664,9,8,0
1023,03_LMEMT,1771_SP-DIS_Cadogan_ADissertationOnTheGou.xml,13090,2370,3,1,0
1024,03_LMEMT,1773_SP-METH_Johnson_AnAccountOfSomeSocietiesAtAmsterdamAndHamburgForTheRecoveryOfDrownedPersons.xml,11955,2045,9,26,0
1025,03_LMEMT,1777_SP-MW_Brown_LetterToALadyOnTheModeOfConductingHerselfDuringPregnancy.xml,6970,1442,1,0,0
1026,03_LMEMT,1780_SP-TH_Graham_TheGuardianGoddessOfHealth.xml,11041,2576,39,2,0
1027,03_LMEMT,1783_SP-DIS_Berkenhout_AnEssayOnTheBiteOfAMadDog.xml,11925,2765,32,3,0
1028,03_LMEMT,1783_SP-METH_Clare_APracticalTreatiseOnTheGonorrhoea.xml,8771,2089,20,0,0
1029,03_LMEMT,1784_SP-MW_Smellie_ATreatiseOnTheTheoryAndPracticeOfMidwifery.xml,10686,2061,30,35,0
1030,03_LMEMT,1785_SP-TH_Withering_AnAccountOfFoxglove.xml,11955,2146,37,48,0
1031,03_LMEMT,1787_SP-DIS_Girdlestone_EssaysOnTheHepatitis.xml,9944,2004,3,3,0
1032,03_LMEMT,1787_SP-MW_Goldson_AnExtraordinaryCaseOfLaceratedVagina.xml,12411,1989,16,24,0
1033,03_LMEMT,1788_SP-DIS_Fournel_AnEssayOnSomnambulism.xml,14250,2632,1,0,0
1034,03_LMEMT,1789_SP-DIS_Jones_AnInquiryIntoTheNatureCausesAndTerminationOfNervousFevers.xml,9708,2227,14,0,0
1035,03_LMEMT,1790_SP-METH_Anonymous_APracticalDisplayOfThePhilosophicalSystemCalledAnimalMagnetism.xml,1932,633,0,3,0
1036,03_LMEMT,1790_SP-TH_Hamilton_PracticalHintsOnOpiumConsideredAsAPoison.xml,6978,1637,13,0,0
1037,03_LMEMT,1790_SP-TH_Johnstone_SomeAccountOfTheMedicinalWater.xml,12034,2491,2,11,0
1038,03_LMEMT,1791_SP-TH_Thompson_ThePoorMan'sMedicineChes.xml,10134,2337,1,0,0
1039,03_LMEMT,1792_SP-MW_Blumenbach_AnEssayOnGeneration.xml,12466,2512,23,4,0
1040,03_LMEMT,1792_SP-TH_Gowland_AnEssayOnCutaneousDiseases.xml,10085,2204,2,4,0
1041,03_LMEMT,1794_SP-MW_Hunter_AnAnatomicalDescriptionOfTheHumanGravidUterus.xml,12809,1860,24,0,0
1042,03_LMEMT,1794_SP-TH_Alderson_AnEssayOnTheRhusToxicodendron.xml,5557,1717,25,4,0
1043,03_LMEMT,1795_SP-METH_Anderson_APreliminaryIntrodicutionToTheActOfSea-bathing.xml,6543,1968,7,0,0
1044,03_LMEMT,1795_SP-METH_Beddoes_ConsiderationsOnTheMedicinalUseAndOnTheProductionOfFactitiousAirs.xml,12797,2577,40,31,0
1045,03_LMEMT,1795_SP-MW_Stephen_DomesticMidwife.xml,19044,2850,17,8,0
1046,03_LMEMT,1797_SP-DIS_Rollo_AnAccountOfTwoCasesOfTheDiabetesMellitus.xml,12138,2447,64,3,0
1047,03_LMEMT,1797_SP-METH_Currie_MedicalReportsOnTheEffectsOfWater.xml,11813,2174,24,11,0
1048,03_LMEMT,1797_SP-TH_Trinder_AnEssayConcerningTheOutwardAndSalutaryApplicationOfOils.xml,4933,1485,8,3,0
1049,03_LMEMT,1798_SP-METH_Jenner_AnInquiryIntoTheVariousCausesAndEffectsOfTheVariolaeVaccinae.xml,11838,1989,5,17,0
1050,03_LMEMT,1798_SP-MW_Wright_AnEssayToInstructWomenHowToProtectThemselvesInAStateOfPregnancy.xml,6773,1769,1,12,0
1051,03_LMEMT,1710_SUR_Groeneveld_ACompleatTreatiseOfTheStoneAndGravel.xml,11862,1905,6,6,0
1052,03_LMEMT,1720_SUR_Douglas_LithotomiaDouglassianaOrAnAccountOfANewMethodOfMakingTheHighOperation.xml,6588,1738,49,0,0
1053,03_LMEMT,1727_SUR_Taylor_AnAccountOfTheMechanismOfTheEye.xml,12924,2461,0,12,0
1054,03_LMEMT,1738_SUR_Stuart_NewDiscoveriesAndImprovementsInTheMostConsiderableBranchesOfAnatomyAndSurgery.xml,8428,2396,19,1,0
1055,03_LMEMT,1739_SUR_Sharp_ATreatiseOnTheOperationsOfSurgery.xml,12234,2235,27,12,0
1056,03_LMEMT,1740_SUR_Hales_StaticalEssaysContainingHaemastatics.xml,11834,1949,16,12,0
1057,03_LMEMT,1756_SUR_Pott_ATreatiseOnRuptures.xml,12021,1984,6,3,0
1058,03_LMEMT,1757_SUR_vonHaller_DrAlbertHaller'sPhysiology.xml,15583,2723,48,3,0
1059,03_LMEMT,1758_SUR_Gooch_CasesAndPracticalRemarksInSurgery.xml,12258,2407,13,3,0
1060,03_LMEMT,1763_SUR_Kirkland_AnEssayOnTheMethodsOfSuppressingHaemorrhagesFromDividedArteries.xml,9814,1712,34,3,0
1061,03_LMEMT,1771_SUR_Brand_TheTrueMethodOfReducingRuptures.xml,9936,2105,5,1,0
1062,03_LMEMT,1774_SUR_Kirkland_AnimadversionsOnALateTreatiseOnTheKink-cough.xml,16173,2695,24,8,0
1063,03_LMEMT,1783_SUR_Bell_ASystemOfSurgery.xml,12273,1860,26,11,0
1064,03_LMEMT,1786_SUR_Cruikshank_TheAnatomyOfTheAbsorbingVesselsOfTheHumanBody.xml,11803,2222,72,5,0
1065,03_LMEMT,1787_SUR_Hale_CaseOfAFractureOfTheSternum.xml,3511,1036,5,1,0
1066,03_LMEMT,1788_SUR_Blane_ALectureOnMuscularMotion.xml,10802,1941,9,0,0
1067,03_LMEMT,1793_SUR_Bischoff_ATreatiseOnTheExtractionOfTheCatarac.xml,12013,1863,8,30,0
1068,03_LMEMT,1794_SUR_Hunter_ATreatiseOnTheBloodInflammationAndGun-shotWounds.xml,13650,1787,10,9,0
